,cid,status,user_name,movie_code,votes,rate_stars,date,content,add_time,customer
0,1348293405,1,影志,4920389,9782,5,2018-03-27 23:02:34,斯皮尔伯格把他对电影的梦想、热心、爱与情怀，浓缩到这部片子，通过极具年代感的经典电影和角色，又并茂高科技的现代游戏闯关，他拿手的、专注的、想诉说的都在这里给影迷情倾盆呈现，并在最后一句“谢谢你玩我的游戏”推向高潮，就像在银幕前看着他对我们说“谢谢你看我的电影”…泪奔,2018-09-21 14:56:32.932675,0
1,1345018216,1,翻滚吧！蛋堡,4920389,8454,5,2018-03-21 17:08:18,游戏宅和影迷的春药！还原《闪灵》那场戏看到要爆炸了！值得去电影院刷十遍！,2018-09-21 14:56:33.020567,0
2,1348402447,1,凌睿,4920389,6273,5,2018-03-28 08:35:46,请不要在彩蛋期间插播电影！（普通导演是在电影期间插播广告，二逼导演是在广告期间插播电影，文艺导演是在电影期间插播彩蛋，牛逼导演是在彩蛋期间插播电影） 层出不穷的惊喜和反转，无处不在的彩蛋和致敬。这是导演送给影迷的最好礼物，也是他写给电影的一封情书。片尾无彩蛋，因为电影本身就是彩蛋,2018-09-21 14:56:33.026721,0
3,1346991805,1,杨欢喜Metiche,4920389,5693,5,2018-03-26 23:47:07,全场喊牛逼！没啥是斯皮尔伯格做不到的了，在一个商业片中把所有的特效情怀和爱结合得完整而彻底，让影迷乐迷游戏迷接二连三地高潮，即使都不是也能看得花枝乱颤，这样应该算是完美了吧。而最后也竟然默默抹了把眼泪…Reality is the only thing that is real.,2018-09-21 14:56:33.032252,0
4,1349303778,1,觉,4920389,4885,3,2018-03-30 00:53:26,走马观花的IP大赏，剧情人物基本不通，鸡汤也撒得不知所云。适合跟塑料姐妹们一起假嗨,2018-09-21 14:56:33.036727,0
5,1350383009,1,大島,4920389,5285,5,2018-03-31 22:52:01,好想在有生之年玩一场全民大战马化腾,2018-09-21 14:56:33.041679,0
6,1345079255,1,风间隼,4920389,4849,5,2018-03-21 19:45:37,公民凯恩串起了闪灵、鬼娃、高达、哥斯拉、亚基拉、街霸、铁巨人、金刚、龟波气功……，加上迪斯科音乐和各种游戏卡，简直是是一部全球世纪流行文化编年史。感谢撕皮儿剥壳，把我们这些大孩子一把拉回追看《回到未来》和《夺宝奇兵》的神奇年代，跟着逼真的特技和癫狂的想象去重温我们的“玫瑰花蕾“。,2018-09-21 14:56:33.046095,0
7,1349220486,1,桃桃淘电影,4920389,4302,4,2018-03-29 22:22:43,9。我爱这部电影，就好像我的梦想是能进入马丁·斯科塞斯的《出租车司机》，看罗伯特德尼罗枪杀嫖客和鸡头，营救朱迪·福斯特。所以，我爱这部电影。,2018-09-21 14:56:33.050625,0
8,1349384439,1,天蝎小猪,4920389,3754,5,2018-03-30 09:35:38,这片讲述了“绿洲五人组”寻找终极彩蛋之旅：第一关告诉你，有时退一步，就是海阔天空；第二关告诉你，人生很短暂，关键的一步一定要迈对；第三关告诉你，不以输赢论英雄，找到乐趣、享受人生；最终关告诉你，别沉迷，活在当下。片中各种游戏、动漫、影视彩蛋信息量太大，必须多刷！,2018-09-21 14:56:33.055713,0
9,948768567,1,法兰西胶片,4920389,3394,5,2018-03-19 23:08:06,它是你们的情书，我的命。,2018-09-21 14:56:33.060033,0
10,1348410560,1,看电影吧,4920389,2214,1,2018-03-28 09:07:03,好莱坞把圈钱手段做到了极致，情怀，英雄，动漫，怀旧，复古只要能圈钱，什么都行，这部片子，就像一个大杂烩，让任何人都能找到曾经喜欢的东西，可是太着痕迹，梗已用烂，让人审美疲劳了，总是卖这些，一次两次行，次次这样，也不怪好莱坞特效片子在国内票房越来越不举。,2018-09-21 14:56:33.065128,1
11,1343899702,1,羚羊的灵魂,4920389,2591,5,2018-03-19 13:21:14,恕我直言，比老斯会拍爆米花电影的人还没出生吧？玩梗玩的贼6，金刚、侏罗纪、异形、哥斯拉......闪灵那段更是惊艳到爆炸，惊喜一个接一个的来！还有能不能轻虐我们钢铁巨人啊，心疼死了～,2018-09-21 14:56:33.069296,0
12,1351399610,1,谢飞导演,4920389,1556,4,2018-04-02 17:07:38,     大开眼界！对我这个只玩过斗地主的电脑游戏盲来说，《头号玩家》的内容确是匪夷所思。年轻观众欢呼雀跃的无数“彩蛋”我常常无从辨识，一头雾水，但是观影体验仍然痛快、满足。比我小四岁的老导演斯皮尔伯格，如此旺盛的艺术想象力和娴熟才华，让人佩服不已。后半部渐显落套，也无可苛求。,2018-09-21 14:56:33.074426,0
13,1350338184,1,邓安庆,4920389,1577,3,2018-03-31 22:04:20,要哭了，每个友邻都是五星好评，而我羞愧地半路睡着了……就感觉故事蛮老套的，那些让人嗨的点，心里只是“哦”了一下。,2018-09-21 14:56:33.079064,0
14,1349054142,1,同志亦凡人中文站,4920389,1678,5,2018-03-29 16:10:12,堪比“黑客帝国”的虚拟与现实切换，但没有苦大仇深的哲学思考，而是带着娱乐至死的精神，把影视游戏各种流行文化致敬了个遍。和当初的E.T.一样，童心未泯的斯皮尔伯格不经意就开启了电影的未来。宅男宅女们，欢迎来到VR纪元！（最后还不忘勿沉迷的忠告，赞赞赞~）,2018-09-21 14:56:33.084023,0
15,1349619018,1,姨妈的鸭,4920389,1671,5,2018-03-30 19:03:20,就像第一次玩俄罗斯方块，那个竖条降落的时候的感觉。我没办法给出更高的评价了。,2018-09-21 14:56:33.088125,0
16,1349694234,1,王大根,4920389,1548,5,2018-03-30 21:35:26,太好看了，我们这一代人的文化真的全在里面了，2045年你们要是建不出这样的虚拟世界，新年钟声敲响的一刻我立马举枪自杀,2018-09-21 14:56:33.093390,0
17,1349632516,1,亵渎电影,4920389,1004,5,2018-03-30 19:36:00,斯皮尔伯格是世界上最伟大的导演，他早就无须用作品证明这点，但一不小心，这部电影又给大家证明了一次！我都不记得上次在电影里目不转睛的看完一部电影，对导演的想象力佩服的五体投地是什么时候了，无论是影迷和游戏迷都能从这部电影里看到满满的爱，无处不在的彩蛋又时刻在唤醒我们心底的这份爱。,2018-09-21 14:56:33.097396,0
18,1343974151,1,时间之葬,4920389,1448,4,2018-03-19 16:02:15,老男孩斯皮尔伯格或许借此片宣告了未来电影的走向，电影不再是用来看的，而是用来玩的,2018-09-21 14:56:33.103019,0
19,1344064267,1,蜉蝣,4920389,959,5,2018-03-19 19:28:06,每一分钟都是应接不暇的彩蛋，而且确定自己只看懂了一小部分。充分满足了影迷游戏迷科幻迷动漫迷。观影、电影、游戏三个空间的同一感太棒了。某个梗出来的时候简直惊喜得跺脚。现实的部分稍弱，但是不妨碍它妥妥的五星。,2018-09-21 14:56:33.107160,0
20,1349328684,1,就是本怪,4920389,962,2,2018-03-30 02:50:23,梗的设置就会给普通观众设置很大的门槛。这个电影最大的乐趣是找梗这也是影迷的嗨点。但是除了梗之外呢，故事太简单粗暴，主角光环太重，反派智商不够，打斗场面还不够炫，男女主也不够好看，你说让我怎么喜欢。还有这个组合的成员：黑人，女人，亚裔，小孩这阵容也是没谁了吧。,2018-09-21 14:56:36.583736,1
21,1348303263,1,芥末蘸酱,4920389,908,4,2018-03-27 23:19:17,斯皮尔伯格就是那个头号玩家。,2018-09-21 14:56:36.608034,0
22,1349560749,1,江寒园,4920389,853,3,2018-03-30 16:44:42,7分 目前豆瓣9.2一片溢美 不外乎精准搔到了影迷们的嗨点 让观影量变现为成就感。新浪潮及新好莱坞以后，电影导演不同以往的一点是有了电影史意识，能够在他们的作品中有意识观照以往的电影，这部不过斯皮尔伯格的游戏之作，流行文化拼贴彩蛋集合，过于讨巧，究竟难以掩盖内涵的平庸和故事的老套,2018-09-21 14:56:36.615206,0
23,1347251691,1,大聪看电影,4920389,841,5,2018-03-25 22:09:04,第二关《闪灵》剧情的引用，是斯皮尔伯格对已故老友斯坦利.库布里克最深沉感人的问候，整部电影出现的游戏和角色，是对游戏玩家最浪漫的情书。,2018-09-21 14:56:36.619922,0
24,1348822584,1,smee,4920389,778,2,2018-03-29 01:19:06,内部票，比公映提前两天看到。整个就觉得很幼稚无聊，大概一些nerds会很喜欢吧。电影结束响起稀稀落落的两三声掌声，也是蛮好笑的,2018-09-21 14:56:36.624974,0
25,1349515918,1,哪吒男,4920389,702,5,2018-03-30 15:06:49,希望豆瓣也出VR版吧，然后我们懒洋洋傻乎乎躺在精神病角落，在豆瓣电影top250撕逼，在无人问津的9点自说自话，阿尔法城说不定还有幽灵出没。小豆不能换钱，紫豆用户是传说，该电影无法访问是恶势力的封锁，大蛋和阿北是彩蛋。嗯，谢谢你，这些年玩过的豆瓣。,2018-09-21 14:56:36.630318,0
26,1349495827,1,马庆云,4920389,640,1,2018-03-30 14:17:48,言过其实，华而不实。,2018-09-21 14:56:36.636607,0
27,1348253856,1,大奇特(Grinch),4920389,569,4,2018-03-27 21:55:10,众里寻蛋千百度，玫瑰花蕾却在灯火阑珊处。“谢谢你玩我的游戏。”——谢谢你拍这样的电影。,2018-09-21 14:56:36.641795,0
28,1322900356,1,阿德,4920389,591,5,2018-03-20 13:26:58,老斯这次真是玩炸裂了，一部让游戏迷、科幻迷、影迷、动漫粉、电子乐迷燃爆的年度科幻神作，各种梗和彩蛋不刷个两三遍是看不过来的！！（已三刷，嘻嘻）,2018-09-21 14:56:36.645933,0
29,1349554784,1,JOJOORC/Z,4920389,516,2,2018-03-30 16:31:44,睡着了三次，所谓宅向的东西都是浮皮潦草的元素堆砌。我替环太2感到不值。媒体吹爆还要不要脸？,2018-09-21 14:56:36.651580,0
30,1350384707,1,张小北,4920389,475,4,2018-03-31 22:53:55,看完之后，完全没感觉到这个电影有140分钟……时间过得好快……,2018-09-21 14:56:36.656531,0
31,1349281304,1,小龙同学,4920389,507,2,2018-03-30 00:03:14,大失所望的一部电影，不知道那些用它502各种神片的吹捧者哪来的勇气，毫无诚意，套路满满,2018-09-21 14:56:36.660616,0
32,1349609468,1,乐山小佛,4920389,524,5,2018-03-30 18:38:18,不想说那些彩蛋，其实观感是不断下降的（闪灵部分除外），因为不满意斯皮尔伯格这个级别的人还在讨好观众。看完结尾就释然了。这个级别的导演，也只有他还在抱着“谢谢你来看我的电影”拍东西。,2018-09-21 14:56:36.665979,0
33,1344258574,1,乌鸦火堂,4920389,866,5,2018-03-20 01:31:58,全程：“卧槽！牛逼！哈哈哈！这也行？！燃爆！太帅了！”游戏、动漫、电影，复古流行文化的超级轰趴，梗多的数不过来，如果你是这方面受众，观影就会像嗑药一样爽，整部电影就是个大彩蛋，斯大爷姜还是老的辣啊，不剧透了，预告片展示的只是冰山一角，正片更多的惊喜！为了找梗也要二刷啊,2018-09-21 14:56:36.671124,0
34,1349189282,1,婴儿,4920389,456,3,2018-03-29 21:31:03,本来闪灵出来想给五星的。但是结尾太太太不给力了！一个这么牛逼的反乌托邦题材变成了警察抓坏人的过家家？拍了这么多就为了告诉大家“春节回家放下手机，多陪陪父母”？SHIT！,2018-09-21 14:56:36.675508,0
35,1349286182,1,朝阳区陆依萍,4920389,369,3,2018-03-30 00:12:18,电影还好，结尾不满意，绿洲应该毁掉吧！《闪灵》部分很精彩，但作为从小跳皮筋，看《情深深雨蒙蒙》，《男生女生》杂志长大的女孩子，想要真正get到《头号玩家》的high点，真的太难了...#二刷又在影院体会了一下：孤单是一个人的狂欢，狂欢是一群人的孤单，所以散场后还蛮百感交集的#,2018-09-21 14:56:36.680444,0
36,1348266617,1,津五渡,4920389,420,5,2018-03-27 22:18:00,全方位牛逼，我甚至想不到任何一个给四星的理由。迷影为游戏服务，里面的迷影梗让人会心一笑，虽不玩游戏，但是里面的游戏情节也能让我热血沸腾。特别燃，抓住了游戏的精髓，团队和胜利，最感动的是足够关照现实，让生活更美好。远超被提高的预期，最后竟然泪目，已经分不清是感动还是兴奋。,2018-09-21 14:56:36.685287,0
37,1349247116,1,CyberKnight电子骑士,4920389,340,5,2018-03-29 23:04:58,简直不像70多岁导演作品！充满活力和创造性。对VR题材最出色的电影呈现。是对从80到2000年代电子游戏、桌游、动漫、摇滚乐、迷影等亚文化的巡礼！老斯鼎盛时期《夺宝奇兵》《侏罗纪公园》等之后又一经典商业片！除结尾略弱，主题不够深入等遗憾，可以说与《阿凡达》《疯狂麦克斯4》一样有着重要的意义,2018-09-21 14:56:36.690240,0
38,1349217240,1,恶魔奶爸Sam,4920389,329,3,2018-03-29 22:17:32,全世界对抗马化腾！,2018-09-21 14:56:36.694878,0
39,1350414834,1,马泽尔法克尔,4920389,296,5,2018-03-31 23:28:15,11岁男童看《闪灵》，这究竟是人性的扭曲，还是道德的沦丧？,2018-09-21 14:56:36.699797,0
40,1349095247,1,木卫二,4920389,282,4,2018-03-29 17:45:23,情怀＋真理，无限彩蛋组成了爱游戏，我只爱Rosebud和237。237的调侃，忍不住在电影院笑出声了。尤其是剧透党，简直笑CRY。,2018-09-21 15:01:43.855212,0
41,1349381574,1,Arthur,4920389,311,2,2018-03-30 09:27:50,一星赛车一星闪灵，再往后就全是大人抓小孩的脑残戏码，何必非要照进现实，就不能好好做虚拟，然而这游戏也没法玩，Player1是单机没错但这主角光环也过头了，老歌老片老游戏我年纪太小情怀不来，看完电影的空虚倒是和打完一天游戏一致,2018-09-21 15:01:43.882387,0
42,1351016213,1,mlln,4920389,283,3,2018-04-01 22:40:43,我知道这个电影很用心地抛了很多回忆梗，但是......完全不是我的回忆啊。它要抛出一个葫芦娃、黑猫警长和太阳之子一起打架，我就给五星了。,2018-09-21 15:01:43.887147,0
43,1350488713,1,胤祥,4920389,218,3,2018-04-01 01:16:00,视听非常惊艳！甚至可能是今年最重要的代表电影潮流走向的作品，但整体而言全部毁在平庸套路的剧作上。关于VR如何在视听语言层面和思维层面影响电影，本片堪称迄今最佳例证。作为一部标准的青少年反乌托邦电影，迷影和大众文化的梗更多地带来的是令人厌恶的自恋，以及对反乌托邦主题的消解。,2018-09-21 15:01:43.893208,0
44,1349212477,1,SELVEN,4920389,303,5,2018-03-29 22:09:50,85/100 我和你们说，只花几十块人民币，就能享受到如此美好、诚意、动情、持续调动大脑的商业巨制，谁不去看谁就是傻子。虽然可能有些奇怪，但这部电影的泪点其实也很多，而且我衷心的感谢斯皮尔伯格，没有把这个献给几代娱乐粉丝的礼物变成一句全球化的口号。,2018-09-21 15:01:43.898205,0
45,1350526679,1,深巷卖樱桃儿,4920389,305,3,2018-04-01 04:08:04,别人都说好看的电影，你不能说一般般，不然就是杠精,2018-09-21 15:01:43.902416,1
46,1349227613,1,陀螺凡达可,4920389,216,4,2018-03-29 22:34:19,感叹的是斯匹堡把他那不变的童心和念旧情怀放置在如此具有时代感的科幻作品当中，看到最后甚至会为此动容。最牛逼的还是第二关，任何一个影迷都会臣服于那无与伦比的观影体验。,2018-09-21 15:01:43.908310,0
47,1349898153,1,Kat,4920389,213,1,2018-03-31 07:55:59,这哪是反乌托邦，这明明就是乌托邦：游戏里的妹子竟然真就一年龄相仿的妹子，你的队友全为了你的梦想而死，你成了新一代渣克伯格，抱着真人妹子玩各种play但是ban掉撸瑟们两天不许玩游戏，你是神。这完全他妈就一巨大的宅男春梦啊？！,2018-09-21 15:01:43.912332,0
48,1352867301,1,亚比煞,4920389,197,4,2018-04-05 12:48:20,其它都挺好。但是你拍了一部片，讲述了一个在游戏里找到挚友，搞到真爱，还一夜暴富成为人生赢家的故事，最后告诉我只有现实是唯一的真实，不觉得结论太苍白了吗？强行政治正确吧。,2018-09-21 15:01:43.917278,0
49,1344149864,1,舒农,4920389,243,3,2018-03-19 22:10:33,艺谋凯歌可以看看你们想要成为的人是怎么还可以有想象力的，尤其是艺谋。,2018-09-21 15:01:43.921475,0
50,1009273659,1,痞影人科莱昂,4920389,236,5,2018-03-29 21:48:06,准备把之前说过的关于斯皮尔伯格作品已然老气、工整之类的话统统收回，今晚计划着将老斯的头像挂在床头，跪着睡。几乎满足了对现代大片的一切想象，包括各种革新、致敬与彩蛋，第一把钥匙敬自己，第二把敬《闪灵》，第三把敬过往（像素游戏），绚烂至极终归于平淡。玫瑰花蕾的致敬梗让人看得热泪盈眶。,2018-09-21 15:01:43.925521,0
51,1344304966,1,阿哲系,4920389,232,2,2018-03-20 07:33:14,"我只是不理解斯导拍此部纯娱乐片的用意，有必要他来这么拥抱虚拟的，特效的，游戏的，娱乐的世界吗... “reality is real”, and there was none here. ",2018-09-21 15:01:43.930787,0
52,1349938246,1,胡九点,4920389,252,5,2018-03-31 10:09:38,这游戏卖98是真的亏,2018-09-21 15:01:43.935595,1
53,1346150097,1,Linnnnnnnn,4920389,229,5,2018-03-23 23:47:40,老爷子一出手，同档期电影都给跪下哭着叫爸爸,2018-09-21 15:01:43.939921,0
54,1353888363,1,frozenmoon,4920389,144,3,2018-04-06 20:13:02,看过了，标记一下，非常理解那些热泪盈眶的人，但是作为不玩游戏的人，看着真是唤起不了什么感情。,2018-09-21 15:01:43.943949,0
55,1351513080,1,艾小柯,4920389,148,4,2018-04-02 21:23:54,游戏迷燃爆，情怀党涕醉，二者之外娱乐度沁人心脾，情节人物什么的则皆不可深究。《闪灵》的设计最妙，夜店尬舞一段最美，但最难忘的却是那个图书馆管理员。,2018-09-21 15:01:43.949163,0
56,1345052372,1,OCT IO≯,4920389,213,5,2018-03-21 18:38:21,好看到炸啊！复古元素和各种老梗犹如核爆余波般一次次冲击着大脑皮层！人物剧情节奏等几乎都没短板，最关键能让你从头high到尾！太不容易了…果然霓虹人民在死宅文化和整个游戏发展史上占有举足轻重的地位…话说这片真的跟细田守的SW相当神似，聚众反抗的桥段满满既视感…东亚三兄弟这回又没带棒子…,2018-09-21 15:01:43.954090,0
57,1349785745,1,雨前羽街,4920389,152,5,2018-03-30 23:39:18,这是一个老宅男珍惜好基友，而他的继任者为了女人每周关服两次的故事。怎么说呢，现充都得死！！！！！,2018-09-21 15:01:43.958678,0
58,1351098366,1,野象小姐,4920389,165,5,2018-04-02 00:31:00,三道关卡正好教会三个最重要的哲理。一是“退一步海阔天空”，二是“喜欢的女孩要勇敢吻下去”，三是“Real life is Real”。,2018-09-21 15:01:43.964583,0
59,1349988085,1,米粒,4920389,150,4,2018-03-31 11:53:15,亚文化不分国界，死宅世界为家，高达跳出来的时候全场欢呼哈哈，这电影给人感觉就像自己以前做的混搭大梦成真了。各种梗和彩蛋眼花缭乱，倒也能弥补剧情的相对老套。尤其闪灵那段实在是太有趣了，而且不管看没看过的观众都有被照顾到。如果我打这个游戏，估计就在第二关无限循环了！,2018-09-21 15:01:43.969092,0
60,1351445528,1,黄青蕉,4920389,130,4,2018-04-02 18:59:35,大导演的珍贵之处，在于可以任性的实现原本大家觉得不可能实现但又满心憧憬的东西，AKA造梦。斯皮尔伯格可以的，可爱度直逼李安了！,2018-09-21 15:01:44.740950,0
61,1351648253,1,曾良君,4920389,131,4,2018-04-03 01:43:54,没解释男主角是谁之前，我一直以为是最终幻想里的克劳德。,2018-09-21 15:01:44.786032,0
62,1342194667,1,玛丽莲·孟获,4920389,175,4,2018-03-19 19:38:54,好吧老贼，这次算被你煽到了…,2018-09-21 15:01:44.792742,0
63,1350938934,1,西楼尘,4920389,122,4,2018-04-01 20:55:57,穿上触感战衣，得到的是一种幻觉还是感觉；带上AR眼镜，进入的是一款游戏还是一个世界？凋败的现实里人们沉浸绿洲，去破解一场谜题，比拼一次竞速，体会闪灵凶宅的战栗，感受舞池狂欢的绚烂。这里人人都能变身，处处都可穿越。唯有红白机前的小孩没改变，关于她的回忆不能穿越，一个叫初心一个叫遗憾。,2018-09-21 15:01:44.798005,0
64,1349591017,1,肥肥鱼,4920389,159,5,2018-03-30 17:50:29,想打十星~越过华美彩蛋的海洋，回到最初角落里，男孩子、小电视和游戏机。那里是对世界想象的起源，打开窗不是灰暗天气，而是随时愿意启程的快乐与勇气。,2018-09-21 15:01:44.802861,0
65,1350024987,1,七颗栗子,4920389,122,4,2018-03-31 13:06:03,好莱坞毕竟理想，美少女线下依然是美少女，所以你才能回到现实。在工厂里，我曾听到几个年轻的流水线工人认真讨论着“团队合作”，细一听，是在讲游戏。我想对越来越多人来说，游戏和网络才是“回到”的地方。比现实的关系更提供归属感，比现实的工作更满足效能需求，比现实的你更不像机器。,2018-09-21 15:04:19.326537,0
66,1349730025,1,三心,4920389,152,4,2018-03-30 22:27:08,71岁，世界上地位最高的导演，拍出这样一部回归初心、畅想未来、嗨到极致的电影，值得敬佩。童心最宝贵，这是一部世纪流行文化编年史，也是属于斯皮尔伯格的玫瑰花蕾。我要是他，这辈子都没遗憾了。闪灵还原超赞，看到世上第一个游戏彩蛋那里开始泪目，还有关底的设计师童年小屋……戳心了。巨幕很爽！,2018-09-21 15:04:19.332149,0
67,1349828410,1,shininglove,4920389,108,4,2018-03-31 00:47:51,原来这世上有那么多人热爱《闪灵》。有人选择在废墟里重寻宝藏，在记忆里游戏穿梭，有人借用它当ID，十年如一日。终有一天，泪眼相聚。,2018-09-21 15:04:19.337072,0
68,1351481630,1,王小能,4920389,91,3,2018-04-02 20:21:26,视效很漂亮，共鸣感不高。导演用心肯定不坏，“游戏宅并不是鲁蛇，而是有革命性的年轻人来的”，最后依然要“小玩怡情大玩伤身”，反托拉斯的战斗精神弱到没有说服力。漂亮妹子脸上有个淡淡胎记不值得大惊小怪，阿尔忒弥斯在现实中真是个体重250住妈妈地下室的中年大叔才有意思不是吗？,2018-09-21 15:04:19.341456,0
69,1350398828,1,张嘟嘟,4920389,154,5,2018-03-31 23:09:54,想知道打一颗星的心路历程,2018-09-21 15:04:19.345798,1
70,1347636936,1,王写写,4920389,133,5,2018-03-26 16:53:15,牛逼疯了！看完浑身发抖！毁灭公爵！星际争霸！钢铁巨人！金刚！忍者龟！阿卡姆骑士！66年蝙蝠车！哈莉奎茵！甲壳虫汁！阿基拉！高达大战机械哥斯拉！回到未来的车和博士都出场了！猎空还有特写！以及老古董雅达利主机！真正的彩蛋狂欢！娱乐史的赞歌！好想在影院按下暂停键！主旨其实是防沉迷系统~,2018-09-21 15:04:19.351682,0
71,1350080502,1,渡边。,4920389,107,5,2018-03-31 14:55:49,还是那句话，美妙人生的关键，就在于你能迷上什么东西。而你在小时候迷过的游戏，年轻时爱上的电影，总会在某个时刻回到未来，带给你热泪盈眶的惊喜。,2018-09-21 15:04:19.356916,0
72,1348280393,1,谢谢你们的鱼,4920389,115,5,2018-03-27 22:41:32,140分钟爽满全场，电影中的人物找游戏彩蛋，银幕前的我们找电影中的彩蛋，斯皮尔伯格用60后喜欢的音乐与电影，8090后喜爱的动漫和游戏以及00后喜欢的视觉奇观创造了年度最炸裂的娱乐大片，画面想象力更是无边无际，震撼到下巴掉地上！,2018-09-21 15:04:19.361236,0
73,1350841933,1,AT,4920389,82,1,2018-04-01 18:09:00,以前的弱智片只是弱智，现在的弱智片还要假装自己关心族群联合与工人运动，为他们感到累,2018-09-21 15:04:19.366830,0
74,1348250249,1,不小可,4920389,122,3,2018-03-27 21:48:29,果然死宅的世界只有中二最懂,2018-09-21 15:04:19.372414,0
75,1135270710,1,外国乐器演奏员,4920389,105,1,2018-03-30 19:10:18,这部电影自带VR效果，因为整部电影本身就是一个在电影院里给女朋友科普你最喜欢作品里最不言而喻的梗的傻逼半吊子直男。一星给本爹。,2018-09-21 15:04:19.377235,0
76,1354919970,1,张天翼,4920389,82,5,2018-04-08 11:53:02,距离2045年只有27年了，好激动！到时我要去绿洲里的银翼杀手区和黑客帝国区爽到死。,2018-09-21 15:04:19.383682,0
77,1348118396,1,蒜 | BOY A,4920389,123,5,2018-03-27 16:30:25,彩蛋多到眼花缭乱，一场游戏、动漫、电影、科幻、电子乐的视听盛宴，想象力燃爆，随时都有惊喜随时都想尖叫。影片在现实和游戏间穿梭，既像一个万花筒，也是一个盛大的主题乐园和五彩斑斓的博物馆，既有对社会现实，科技未来，亲密关系的反思，但内核依旧是“孩童导演”斯皮尔伯格的“人本”和“童真”,2018-09-21 15:04:19.393034,0
78,1348839459,1,弗朗索瓦张。,4920389,117,4,2018-03-29 02:59:46,看着影厅里的00后小孩突然觉得可怜：他们对这片里的梗到底能看懂多少呢？法国不愧是影迷之国，闪灵一场整个电影院都高潮了。扣一星是因为第三把钥匙没有前两把有创意，略略挑个刺。PS:我没看出那个黑人是女生我错了。。。,2018-09-21 15:04:20.570332,0
79,1348393854,1,李濛Lemon,4920389,118,5,2018-03-28 07:47:07,一部靠彩蛋组成的电影，从头到尾都是非常高级的致敬，已经数不清有多少个地方看得头皮发麻了。看媒体场的时候，身边都是此起彼伏的“卧槽”。全五星奉上，感谢斯皮尔伯格造了一场迷影者的梦。,2018-09-21 15:04:20.630756,0
80,1341148342,1,木由,4920389,103,5,2018-03-29 04:15:16,法国第一天上映，拖着朋友一起看。看后讨论，两个喜欢，一个不喜欢，我在中间做和事佬，口口声声说大家都有表达意见的权利嘛，心里暗搓搓想着胆敢不喜欢这部电影哼再也不要和你玩了。,2018-09-21 15:04:20.638775,0
81,1349713596,1,游牧人·芳汀,4920389,89,4,2018-03-30 22:03:59,#电影院#游戏是一时的，生活却是永远的。无论我在黑漆漆的电影院看得多么开心，散场灯光亮起，瞬间就回到这远比游戏打通关还要漫长而艰难的人生，一下子就忧郁起来，如果游戏和电影永远都不会结束该多好哇。看到哈利迪最后向韦德述说他不擅长和别人交流那一段时泪目，只有死宅才能理解另一个死宅的孤独,2018-09-21 15:04:20.643848,0
82,1349732773,1,恶魔的步调,4920389,75,5,2018-03-30 22:30:54,真的非常oldschool…一小时三四分钟开始的那第二把钥匙的六七分钟闪灵真是太让人满足了，两段主题配乐真是听得人热泪盈眶…这个世界上存在两种库布里克粉，一种是9000型，另一种是237型，诺兰是前种，史皮尔伯格我倾向于是后种。,2018-09-21 15:04:20.649390,0
83,1350078316,1,大海里的针,4920389,91,4,2018-03-31 14:51:28,爆肝玩家大战未来马化腾，101组织=未来腾讯。反派：加入我，再充五千万，我能让你更强。主角：对不起，我有欧气。结局防沉迷系统充分证明了我朝的先见之明。剧情其实很一般，但是赛道倒车那段就引起我的共鸣了，以前玩跑跑卡丁车的时候就喜欢倒着跑。,2018-09-21 15:04:20.654149,0
84,1349825139,1,Paco,4920389,69,4,2018-03-31 00:42:10,冷静下来都知道本质上还是一部站在巨人肩膀上的矮子电影。但在这个多数好电影成不了巨人，其他坏电影又甘愿只做矮子的平庸年代，它的能量注定数倍于本身，又怎会不激动人心。多处收获空前观影体验却没五星是因为《闪灵》那段把我看早泄后就确实没再硬起来。想跪求斯大爷留我在第二关把影史玩上一辈子。→2018.7.30三刷。,2018-09-21 15:04:20.660037,0
85,1352036856,1,华夏海鲜自助,4920389,65,2,2018-04-03 22:02:18,任天堂牛逼！拒绝参与屎秀,2018-09-21 15:04:20.664795,0
86,1351311611,1,文泽尔,4920389,65,4,2018-04-02 13:57:23,别的不说了 就想问什么时候能玩上,2018-09-21 15:04:20.670184,0
87,1349876332,1,Human,4920389,87,5,2018-03-31 03:59:05,这分数绝对虚高了，因为打五星那些人绝对都是死宅。,2018-09-21 15:04:20.674790,1
88,1354958184,1,维舟,4920389,57,3,2018-04-08 13:16:06,集各种政治正确和商业娱乐元素于一身，很会讲故事，但也不免取巧。缺乏让人过目难忘的创新，“游戏只是对现实的逃避”这一观点无疑很保守。结尾的说教有几分虚伪，因为很讽刺的，它明知观众喜欢的正是游戏中的惊险刺激——这就像《金瓶梅》看到最后，才发现作者说用意在戒淫。,2018-09-21 15:04:20.679585,0
89,1350722725,1,Pearciac,4920389,75,3,2018-04-01 14:28:45,说着号召大家回归现实，80%时间还是在描绘游戏世界多绚丽，看完了有种空虚感。,2018-09-21 15:04:20.683758,0
90,1349468856,1,路西法尔,4920389,71,4,2018-03-30 13:10:22,我知道我们都在逃避，消费主义只能加速世界的毁灭，连我也是购买了两个半小时的遗忘，将这个恶心的世界关在电影院门外。当一辈子氪金肥宅还是十秒钟的高达，这是一个问题。,2018-09-21 15:04:20.689274,0
91,1350886469,1,乔纳森,4920389,74,2,2018-04-01 19:31:55,对不起。一点都不喜欢。,2018-09-21 15:04:20.694917,0
92,1343376129,1,820923,4920389,94,5,2018-03-30 17:09:44,斯皮尔伯格用这个电影告诉你，你大爷还是你大爷,2018-09-21 15:04:20.700205,0
93,1350307591,1,慕容复,4920389,70,5,2018-03-31 21:24:09,说真的，上一次让我如此激动的看一部电影还是中学时第一次去电影院看《魔戒2》，看完本片我的愿望只有两个：VR的游戏世界快快到来，以及那个VR时代最后胜利的公司不是某热衷于搞黄金会员的游戏公司。,2018-09-21 15:04:20.704837,1
94,1348578851,1,内陆飞鱼,4920389,94,5,2018-03-28 16:22:11,哇，斯大爷商业片强势回归，电影中的游戏彩蛋真是让人惊喜连连。一边看一边在找彩蛋，到最后根本找不过来了，实在太多了！片中每一帧都可以抠挖出不少经典游戏的元素，《街霸》、《我的世界》、《质量效应》，甚至还看到了《守望先锋》，每看到一个熟悉的游戏角色都不禁会心一笑，相当有趣的观影体验。,2018-09-21 15:04:20.709205,1
95,1351848736,1,桃花石上书生,4920389,62,2,2018-04-03 14:52:34,看完觉得智商都下降了。而且看的IMax眼睛特别累,2018-09-21 15:04:20.714510,1
96,1348586381,1,隔壁山田,4920389,81,5,2018-03-28 16:41:02,“变身高达形态”我爆哭！但也没看到斯派克的小飞机啊？,2018-09-21 15:04:20.719428,1
97,1349796705,1,梅山君,4920389,87,5,2018-03-30 23:55:17,现在的人普遍认为，游戏只是躲避现实的一种方法。但我觉得第一个发明游戏的人，却是为了更好的地享受快乐。电影太好看了，各种彩蛋，游戏迷，电影迷，乐迷全部都欢呼起来，就为了享受这些欢乐！！！,2018-09-21 15:04:20.723627,1
98,1355088979,1,汝就做吾的犬吧,4920389,38,1,2018-04-08 17:40:11,垃圾氪金网游，死了全部清零，肯花钱就可以团灭一个服务器的道具系统，进入恐怖片的副本完全没有年龄限制，公共场所可以无限制PVP，傻逼一样的肉体反馈，傻逼一样的排行榜系统，这种狗屎一样的游戏居然还有那么多人玩？拿点廉价的彩蛋放到电影里就觉得可以引起小众共鸣？对不起老子他妈才不吃你这套！,2018-09-21 15:04:21.406264,1
99,1350169362,1,芦哲峰,4920389,65,3,2018-03-31 17:37:02,打游戏打成了人生赢家，钞票堆成堆，抱得美人归。推荐给国内各大戒网瘾学校观赏，尤其是电击狂人杨永信同志。,2018-09-21 15:04:21.446586,1
100,1349300530,1,焚紙樓,4920389,65,3,2018-03-30 00:44:14,觀影全程不停的在五種情緒間打轉：其一，想起了我曾經如何期待當年的《復仇者聯盟1》；其二，想起了我如何期待今年的NS《任天堂大亂鬥》；其三，想起了我曾經認為過去的電影裡應該有什麼；其四，想起了我如何預期未來的電影將會是什麼；其五，Steven Spielberg他媽的就是宇宙的主宰！,2018-09-21 15:04:21.457630,1
101,1356277862,1,叶纸君,4920389,60,5,2018-04-10 22:47:26,第一次和喜欢的人一起看电影,2018-09-21 15:04:21.469043,0
102,906149012,1,徐若风,4920389,55,4,2018-03-29 22:35:44,4.5 靠“借力”，把惊喜叠加到了最后。不过，还是那个不俗套不斯皮尔伯格啊。流行文化各种迷影梗、游戏梗乱入给人一种热爱感，里面的情感就算程式也相当打动。某种意义上很像游戏世界里的《潘神的迷宫》，反抗现实与暗色童话的结构交织在迷恋与谜语之中。,2018-09-21 15:04:21.479823,1
103,1345971761,1,女神的秋裤,4920389,72,5,2018-03-30 21:40:39,2018第一部满分！看到热泪盈眶傻逼只有我一个吗？影史彩蛋最多电影，只有斯皮尔伯格能拍出，抛除彩蛋，电影本身足够热血和感人，能在电影院看到《闪灵》《钢铁巨人》《甲壳虫汁》的激动，游戏中最纯粹的执着，那些超越自我和生命的追求，让人知道你是为什么而活着。I am a dreamer…,2018-09-21 15:04:21.491968,1
104,1351247954,1,Ent,4920389,61,3,2018-04-02 11:26:40,试图讲的道理和实际的剧情还是有无法挽回的矛盾，大概因为原作实在是太差了？（,2018-09-21 15:04:21.504358,1
105,1350150050,1,阿巴厮,4920389,66,3,2018-03-31 17:02:53,不是影迷，也不打游戏，就随便看看了，什么love什么friendship的，没啥感觉。,2018-09-21 15:04:21.515644,1
106,1349800699,1,泉の向日葵,4920389,66,3,2018-03-31 00:01:16,吹导演创造力和怀旧情怀的醒醒吧，这压根就是照搬原著小说《玩家一号》哇，只能算是还原度高+视效突出罢了。和原著一样都是游戏死宅意淫出的理想人生，本质和种田爽文没差，不过这里的致胜钥匙是对游戏开发者了解多深。反派设定还不如原著吸引人，大老板就是个愚蠢的弱鸡。最开心的部分就是《闪灵》,2018-09-21 15:04:21.526677,0
107,1348273787,1,汽车大师,4920389,66,5,2018-03-27 22:31:30,穿着Buckaroo Banzai去Blue Monday夜店把妹，我湿了；钢琴连音下泽米基斯魔方倒转一分钟，我醉了；等到某部不该被剧透的电影出来，我真心跪了,2018-09-21 15:04:21.539672,1
108,1367170882,1,九只苍蝇撞墙,4920389,37,1,2018-05-02 02:38:55,一部针对米国老农制作好让他们的智商始终保持为零的电影。美式资本主义也是以在人民群众中弘扬愚蠢来维系统治的。,2018-09-21 15:04:21.552742,1
109,896646917,1,国王KING,4920389,66,5,2018-03-31 21:39:19,Thanks play my game.听到这句话已经热泪盈眶，这就是游戏的意义啊。,2018-09-21 15:04:21.565613,0
110,1350141766,1,荔枝超人,4920389,41,3,2018-03-31 16:48:28,"史匹堡先生七老八十了还会这样开拓新的生意，讨好一众影迷宅和电玩细路，这很好。BTW, Fucking Chucky, hum?!",2018-09-21 15:04:21.573238,0
111,1349938444,1,keke,4920389,86,5,2018-03-31 10:10:16,看片花还想这什么三流电影骗小孩儿的吧，看完感觉回到了小时候看完侏罗纪公园人工智能—特别开心。那种小朋友看了电影，懂得了一点道理，体会了一点成熟的情感，觉得自己又长大了点，却也并没有被这些拖累不能够专心享受情节的累赘感。别人导演都是只会一两种类型片，看看我们学院派顶尖大导演，通杀！,2018-09-21 15:04:21.578881,1
112,1349789425,1,小岩井,4920389,65,5,2018-03-30 23:44:41,看完马上想看第二遍，斯皮尔伯格的少年心不死，玩得尽兴看得舒畅淋漓。各种梗玩得飞起，会心一笑之外也会对沉迷游戏的未来产生一些警惕。虚拟的世界再有趣，也不能放弃真实世界的勇敢争取。,2018-09-21 15:04:21.584642,1
113,1349333723,1,阿基米德,4920389,87,2,2018-03-30 03:38:16,"看的很嗨，感觉很酷，特效很好，迷影很多。
很多设定非常潦草，游戏内外都是。科幻感很差，内核是青春冒险海贼王式的情感电影。游漫影联动，那是小时候，集卡剪漫画书时候的梦想，今天实现了。真正的造梦。但同时做为电影，则是“西餐乱炖”和“美式佛跳墙”。
喜欢开场赛车和《闪灵》。",2018-09-21 15:04:21.589225,1
114,1351020907,1,荔枝白羊悅,4920389,26,5,2018-04-01 22:46:26,人物很立体，绿洲部分真的很棒，最后还提了不逃避，整个立意也不会搞得很沉重。虚拟世界和现实世界我们都不可避免会面临选择和困境，最后馆长那里很喜欢，他就算离开也为他开了一个档案馆啊！韦德每次不到最后一刻不杀手锏好酷，无论是魔方还是最后那个能量毁灭球！,2018-09-21 15:04:21.593933,1
115,1343994162,1,二十二岛主,4920389,40,5,2018-03-19 16:45:48,看到热泪盈眶，一部真正为影迷准备的电影，《闪灵》《金刚》《侏罗纪公园》《鬼娃回魂》《哥斯拉》《高达》各种玩梗，虚拟与现实两条线交错进行各有千秋。主题也很多样化，不仅仅是珍惜身边人、对于科技的反思等，更有对于“彩蛋始祖”的真诚致敬，斯皮尔伯格永远是最会造梦的导演。,2018-09-21 15:04:21.599193,1
116,1349772216,1,张大水,4920389,48,4,2018-03-30 23:20:11,影迷梗像电影中金币一样哗哗啦啦往外掉，想接都接不住。,2018-09-21 15:04:21.603686,1
117,1349677942,1,怪房客,4920389,66,5,2018-03-30 21:09:20,全世界的影迷和游戏宅看了都会高潮吧，《闪灵》那一段看的我头皮发麻，最后馆长那枚硬币加一条命影院里人声沸腾......,2018-09-21 15:04:21.608576,1
118,1347639962,1,虎哥,4920389,62,3,2018-03-26 17:00:08,闪灵那段牛逼 但对我这种从来不玩游戏的人群太不友好了 rosebud这个梗会不会刻意了点,2018-09-21 15:04:22.669248,1
119,1347709820,1,Ada Wang,4920389,45,5,2018-03-31 01:24:31,看看人家！为了游戏放弃101开出的5000万，居然自己还可以在游戏结局和现实泡到了妹子走上人生巅峰！！！然后每周有两天不让任何人上游戏，自己窝豪宅里和妹子啃嘴，还恬不知耻地说希望每个人享受现实。你们玩绝地求生的菜鸟玩家信吗？我是不信！最后，和老爷一起爬雪山游戏啥时候出？我要玩！,2018-09-21 15:04:22.746355,0
120,1350266635,1,fateface,4920389,49,5,2018-03-31 20:23:12,准确把握了时代的脉搏！没有一句废话，很温馨的世界观，连坏人都坏得有一丝温柔。,2018-09-21 15:04:22.753887,1
121,1353202003,1,杨迪,4920389,40,5,2018-04-05 21:22:49,巨好看！！！特别喜欢，又想继续玩各种游戏啦。,2018-09-21 15:04:22.759073,1
122,1350198442,1,LeungChanXXX,4920389,49,4,2018-03-31 18:28:53,《闪灵》那段我要炸了,2018-09-21 15:04:22.763635,1
123,1349836722,1,怀璧不予,4920389,45,5,2018-03-31 01:03:15,在我看来，这并不是科幻片，而是即将发生的近未来。到那时候，在每个人苛守的社会身份之下，都会有一份VR所赋予的“诸行皆可”的自由，借此短暂挣脱现实的牢笼。如果真到了2045年，你看到一个年过半百的老家伙，带着VR眼镜在公园晨练，老脸上露出一丝中二病的笑容，那多半是我了。,2018-09-21 15:04:22.768629,0
124,1350878038,1,末摘花,4920389,68,4,2018-04-01 19:16:53,"没想到斯皮尔伯格脑洞大开，各个经典的科幻英雄人物都有出现，比较嗨皮，喜欢女主这个角色,漂亮又有个性",2018-09-21 15:04:22.772893,1
125,1349547817,1,mansion,4920389,68,1,2018-03-30 16:16:04,我还是能理解给高分的各位，看到哥斯拉和高达出现在银幕我也激动了一下下。然而剪掉这些情怀整部电影就是piece of shit。剧情漏洞人物塑造就是一个灾难，Spielberg最终也成为了陈凯歌这样制造华丽垃圾的导演。,2018-09-21 15:04:22.778255,1
126,1346008964,1,NigelD,4920389,57,2,2018-03-31 20:09:07,meh，我算是那种能会心懂一半彩蛋的人。影片本身就像一个线索和线索的咬合游戏，但实在太没说服力了以及太cliché。不过是另一部元素拼接、亚文化混搭出来的产品罢了。可能有人说只谈梗显得目光狭隘，可这部电影剔除梗之后还剩下些什么？（ps：Abed要是看这部电影一定会高潮）,2018-09-21 15:04:22.783226,1
127,1349938028,1,拿卡利,4920389,75,5,2018-03-31 10:09:00,反派游戏角色居然是超人脸，简直了！,2018-09-21 15:04:22.787434,1
128,1348268219,1,嘟嘟熊之父,4920389,51,4,2018-03-27 22:21:05,有生之年能不能等到斯皮尔伯格拍一部漫威？！,2018-09-21 15:04:22.792348,1
129,1349398135,1,舌在足矣,4920389,39,5,2018-03-30 10:14:40,40多年过去了，史匹堡又一次证明了自己依然是那个最懂teenager的导演。我想这部片不仅圆了那些受这些流行文化所影响的几代观众的梦，更圆了这样一个库布里克脑残粉导演的梦。什么是造梦机器，什么是娱乐，什么是blockbuster，you’re looking at it!,2018-09-21 15:04:22.798133,1
130,1349093605,1,食菠萝,4920389,72,3,2018-03-29 17:40:47,價值觀非常平庸⋯⋯其實貝克街的亡靈比較好看⋯⋯,2018-09-21 15:04:22.801963,1
131,1349517347,1,基瑞尔,4920389,42,5,2018-03-30 15:10:17,想起了1973年时上映的《西部世界》，娱乐工业用了将近40年才真正找到和发掘了它的价值；那么这部电影，在若干年后也一定会被同样的方式记住吧（这段话真的是在看完特别激动的情况写下的）。彩蛋部的工作太好玩，不禁想象一下要是把这辈子看过的电视剧设计成游戏有多好。,2018-09-21 15:04:22.806541,1
132,1350076450,1,贺朝,4920389,22,5,2018-03-31 22:42:48,超级棒！！！我看的那场气氛好到爆，大家都很懂梗，真的是处处彩蛋，印象超深的就是闪灵和高达，高达出来的时候大家都变得超燃！！！虽然有bug，但仍是很好看很合格的商业片！！！每个人物都很讨喜，反倒是男女主没有戳我的点，想二刷的电影，值得去电影院看，特效超棒,2018-09-21 15:04:22.811744,1
133,1350363607,1,Keisuke,4920389,30,5,2018-03-31 22:32:02,多么简单的勇士闯关故事主线，然而这里的勇士最终目的不是打败魔王，而是要走出游戏回归现实。电影真的是圆梦工程，虽然我不是什么资深游戏玩家，但电影画面完全实现我对游戏所具备的最惊险刺激且酷炫体验的幻想。,2018-09-21 15:04:22.816530,1
134,1355768399,1,魏小河,4920389,32,4,2018-04-09 22:35:00,"长久以来，迷影，动漫，游戏，都是小众，一代一代的年轻人，在这里花费时间，付出感情，终于，这一次，斯皮尔伯格跑来告诉你：“我懂你”、“谢谢你玩了我的游戏”。



这一句话，安慰了多少人，肯定了多少人啊。



这简直是情书了。难怪有人甚至会落泪。",2018-09-21 15:04:22.821369,1
135,1350513677,1,常言道,4920389,21,4,2018-04-01 02:35:31,金属感与科技感爆棚，玩游戏的应该都喜欢，酷´_>`,2018-09-21 15:04:22.826034,1
136,1350476486,1,美神经,4920389,20,4,2018-04-01 00:52:07,影片还是比较吸睛的，特效也还不错,2018-09-21 15:04:22.831315,1
137,1350187643,1,羽川翼,4920389,23,5,2018-03-31 18:09:12,太燃啦！加一条命的时候全场鼓掌！太喜欢最后的团战了，少年漫画式的组队，每一个人都发挥到了极限。不做功课也没有关系，一样看的很爽！,2018-09-21 15:04:23.927559,1
138,1348319240,1,科林,4920389,44,4,2018-03-27 23:46:05,打电动我最得意~阿凡达、闪灵、侏罗纪公园、金刚、哥斯拉、钢铁巨人、异形、鬼娃回魂、超人、早餐俱乐部…高达一鸣惊人快刀斩麻！娱乐产业大杂烩、流行文化致敬史。只不过消遣娱乐？单就公民凯恩的玫瑰花蕾就蹭蹭蹭提升档次，更别提虚拟现实的预言思考。片尾没彩蛋又如何？片中数不胜数的彩蛋溢到你吐,2018-09-21 15:04:23.955959,1
139,1349662324,1,螃蟹|MMCDD,4920389,46,5,2018-03-30 20:39:49,不玩游戏的人估计要错过一大堆reference,2018-09-21 15:04:23.962608,1
140,1349331376,1,掉线,4920389,35,4,2018-03-30 03:12:50,【B-】运镜最接近游戏cg动画的真人大片了，各种夸张的推拉转和繁杂的画面调度，要是放在别的电影会有用力过猛之感，但得益于设定，在本片中只会酷炫到爆炸。可惜的是能表达出一些思考的剧本还是被老斯拍成了睡前故事，幻想天马行空的让人无比享受，可一旦落到现实，就变得槽点重重。,2018-09-21 15:04:23.967667,1
141,1041250054,1,YthguaN,4920389,59,5,2018-03-19 13:20:14,游戏/电影迷的盛大狂欢！各种彩蛋梗应接不暇 史上最令人激动的极客面基 看完流下了激动的姨妈,2018-09-21 15:04:23.971900,1
142,1350877169,1,大赏考切侓即,4920389,33,5,2018-04-01 19:15:17,好好看啊！哈利迪太孤独了，他做了那么多努力就是为了和我们交朋友，让我们了解他.....,2018-09-21 15:04:23.976111,1
143,1350650401,1,Sismidnopin,4920389,60,2,2018-04-01 12:09:54,斯皮爾伯格，一潭死水。,2018-09-21 15:04:23.980339,1
144,1351448903,1,安德烈大叔,4920389,33,5,2018-04-02 19:07:41,整部电影就是一个巨大的彩蛋，密集致敬八九十年代的新世代亚文化，更了不起的是斯皮尔伯格本身在这波浪潮中便是旗手，七旬老翁有此等创作力和把控力，这一切或许都来源于他永远不变的童心，他仍然是本世纪最伟大的导演之一。感谢你让我看这样的电影，看你的电影时我永远是个孩子。,2018-09-21 15:04:23.984413,1
145,1344007700,1,武侠小王子,4920389,38,5,2018-03-30 17:05:27,你们不知道作为20年的怪兽迷，看到机械哥斯拉出场那一刻是有多兴奋。,2018-09-21 15:04:23.988937,1
146,1350244392,1,心生,4920389,23,4,2018-03-31 19:48:01,四星半。很明确，影片就是要用强烈的视觉冲击，爆炸式的画面信息流，让你high让你爽。知道它到处安插梗/彩蛋，所以各种专注，但我是有点眼花缭乱，自认一遍看不全，有时间二刷。最后说真的，同款游戏可以开发起来了不，想玩儿。,2018-09-21 15:04:23.993592,1
147,1349197215,1,京客隆小丸子,4920389,41,5,2018-03-29 21:45:48,炸裂，感人。最后太感人了，任何一种游戏玩家都要去看！,2018-09-21 15:04:23.998353,1
148,1350115700,1,林妖,4920389,18,4,2018-03-31 16:03:40,player one也是很复古的游戏名啊。电影的特效真的很燃。,2018-09-21 15:04:24.003382,1
149,1349207454,1,易老邪,4920389,32,3,2018-04-01 09:59:22,彩蛋接连不断，情怀泛滥成灾。,2018-09-21 15:04:24.007459,1
150,1349858945,1,范克里夫大尉,4920389,33,5,2018-03-31 02:07:40,没说的。杀！爆！燃！要赶紧二刷！！！！！！！！！,2018-09-21 15:04:24.015919,1
151,1356417618,1,Gawiel,4920389,20,2,2018-04-11 09:16:25,空有虚拟世界的设定，实则价值观还是很保守，现实世界既然如此空虚破败为什么还有形而上的优越性？设定的“情怀”看来反而creepy，一个将自己的经历构建成世界的创造者，一个为了游戏线索而穷尽他的记忆和“流行文化”的玩家世界，可能反而对我们的世界更有讽喻意义。,2018-09-21 15:04:24.021349,1
152,1349677985,1,玉笔书生,4920389,43,5,2018-03-30 21:09:24,给五星是因为满分只有五星,2018-09-21 15:04:24.026224,1
153,1346131946,1,把噗,4920389,31,5,2018-03-30 20:45:20,漫威哭瞎在厕所。,2018-09-21 15:04:24.030659,1
154,1349505226,1,求学镜,4920389,46,3,2018-03-30 14:40:02,准确地启动了nostalgia机制：游戏、电影、音乐爱好者可以各取所需，击中受众痛点，拍得太聪明。闯不出好莱坞叙事框架还是不愿闯出（或者懒得），不必深究，也许导演就是玩家之一。但是，最想看到的对仿真实的冷思考却一直缺席，reality is the only real，然后呢？电影的想象力飞得太高却没落地。,2018-09-21 15:04:24.035871,1
155,1350783020,1,托尼·王大拿,4920389,28,4,2018-04-01 16:21:20,能拍出这部电影的人的确寥寥无几，倒不是有多难拍，而是各类版权也只有史匹堡这种大拿搞得掂，但融汇了这么多经典符号，其本质上却和当下大量娱乐产品别无二致，所有的元素仅仅是用来展示而缺乏有新意的重组，看不见当年新好莱坞小子们的锐气；当然看梗还是很愉快的，最后一关雅达利居然不玩E.T.啊哈,2018-09-21 15:04:24.040288,1
156,1351396773,1,皮革业,4920389,19,4,2018-04-02 17:01:27,“谢谢你们看我的电影”，说到底，史匹堡还是大导演，不是伟大的导演。另外建议环球影城从华纳手里买下《闪灵》授权，设为长期游艺项目。,2018-09-21 15:04:24.944508,1
157,1350222394,1,玄辂,4920389,34,4,2018-03-31 19:10:14,人家在电影里埋彩蛋，史匹堡在彩蛋里埋电影,2018-09-21 15:04:25.054996,1
158,1349278838,1,汪金卫,4920389,33,5,2018-03-29 23:59:10,极度视觉奇观。如果夸张说开场赛车看尿了，那么大胆致敬闪灵就是跪着看尿，就凭这段就值得刷三遍巨幕！史匹堡成功书写致80-90年代流行游戏音乐电影文化的情书，层出不穷的彩蛋让我等迷宅爽翻，更是以“玫瑰花蕾”梗表达男人对错失友情爱情的忏悔，探讨游戏与现实的重心。虽剧情略俗但仍五体投地佩服！,2018-09-21 15:04:25.062124,1
159,1362694044,1,Mr.Z,4920389,133,4,2018-04-23 10:02:45,二次元和三次元第一次这么完美无缝的链接，看得我热血沸腾的，唯一，可能就是剧情稍微单一了一小点儿~,2018-09-21 15:04:25.067346,1
160,1350234340,1,肖恩恩恩恩肖,4920389,25,5,2018-03-31 19:30:56,"也，太，好，看，了，吧！这才是技术，剧情，情怀，应有尽有的电影啊！现实与虚拟的关系如此容易拍歪，连这块都能挑不出毛病。PS，IOI这种烧钱和攀比的游戏思路，是映射哪些没有游戏本心的公司呢？╮(￣▽￣"")╭",2018-09-21 15:04:25.072393,1
161,1352063621,1,尉迟上九,4920389,32,3,2018-04-03 22:45:31,因《闪灵》带给我的短暂快感多加一星，半个游戏咖表示有些get不到点，花哨和酷炫之下还是好莱坞换汤不换药的那一套，整体有一锅乱炖的赶脚，话说看别人玩得巨嗨怪没意思的，某天要真能带上VR进入大爱的任何一部电影的情节或场景中亲身体验和实践玩上一把，那才过瘾。高达出现的一瞬间，集体卧槽了。,2018-09-21 15:04:25.076709,1
162,1333747817,1,冷月心,4920389,23,5,2018-03-30 23:51:32,超级好看！准备二刷！,2018-09-21 15:04:25.081552,1
163,1350071665,1,drunkdoggy,4920389,30,5,2018-03-31 14:38:00,“有人把《战争与和平》读出了肥皂剧的味道，而有人看着口香糖上的说明就悟出了宇宙的奥秘”,2018-09-21 15:04:25.085566,1
164,1350385189,1,丧失书宇兽,4920389,30,5,2018-03-31 22:54:29,网恋的故事 卧槽,2018-09-21 15:04:25.090225,1
165,1350654340,1,刮刮油,4920389,37,5,2018-04-01 12:18:01,梗太多……,2018-09-21 15:04:25.095267,1
166,1349484283,1,纤纤,4920389,38,3,2018-03-30 13:49:04,被过誉的电影，有好有坏，尚不足以封神。,2018-09-21 15:04:25.100007,1
167,1350374775,1,世界尽头,4920389,55,5,2018-03-31 22:44:01,看电影的过程中真的就感觉自己在打游戏，它的主题是游戏，全片的关键也是游戏里的通关和彩蛋。看完真叫人大呼过瘾，欲罢不能。好想游戏再来一局，看来要二刷了。,2018-09-21 15:04:25.105012,1
168,1350252093,1,死鬼,4920389,50,5,2018-03-31 20:00:31,"牛逼的导演就真的能把一个简单老套的故事拍出极致的浪漫感 让你一边猜到剧情的发展的同时一边无法自拔地深深地被打动
真的太好看了 真的太精彩了！！！
我真的觉得不去看会是有生之年的遗憾！
斯皮尔伯格怎么这么牛逼啊！！！
刷个十遍我都不嫌多！！！",2018-09-21 15:04:25.109829,1
169,1351323729,1,巴伐利亞酒神,4920389,32,4,2018-04-02 14:24:54,玩梗儿怎么是俗套呢，梗儿是文化，文化是沉淀，沉淀是情怀，情怀是让自己永远热泪盈眶的人和物。那个70多岁的老头尚且和他拍ET时一样童心未泯，你又有什么资格忘掉自己拯救世界的梦想呢？,2018-09-21 15:04:25.114874,1
170,1352297851,1,mumudancing,4920389,24,4,2018-04-04 12:50:06,技术是新的，创意是旧的。,2018-09-21 15:04:25.119765,1
171,1345239106,1,肥嘟嘟左卫门,4920389,41,4,2018-03-29 12:51:27,如果未来的游戏能做成这个样子，我倒宁愿在里面不出来了。尤其是还能亲历《闪灵》的经典桥段，可惜没买到杰克尼克尔森一家三口的版权。有哥斯拉高达Tracer双截龙与忍者蛙龟派气功，现在回想黑客帝国里的机器人其实很傻，干嘛做一个假的现实来囚禁人，做个这样乐不思蜀的世界轻松多了不是？,2018-09-21 15:04:25.124779,1
172,1351503871,1,Clarke,4920389,36,2,2018-04-02 21:06:41,不具有任何实践意义的结局，消解了前半程的热闹。叙述模式保守到吓人，青年白种男性与其他劣等性别和民族的人们一起完成了天选必胜之旅。拉鸡巴倒吧。你们说这是原著的锅？不不不，这是不吹不黑。,2018-09-21 15:04:25.128538,1
173,1350149062,1,sterdam,4920389,21,4,2018-03-31 17:01:27,设定有点新意，视觉有点爽到，剩下的，导演很老，故事很老套，价值观很老套，连配乐都是老套的。如果再剪短二十分钟，我会很情愿给四颗星。而现在，只能扭扭捏捏地给四颗星。看片时，感觉配乐的味道很熟悉，却又显然不是威廉姆斯的风格，最后看片尾字幕，原来是《阿甘正传》的Alan，都是老头子啦。,2018-09-21 15:04:25.132220,1
174,1349837337,1,陆冠均,4920389,40,5,2018-03-31 01:04:27,斯皮尔伯格这个年纪还能拍出这样的作品来，才有资格称得上是返璞归真,2018-09-21 15:04:25.136298,1
175,1351840984,1,小斑,4920389,18,5,2018-04-03 14:35:07,看！得！太！开！心！！了！！！,2018-09-21 15:04:25.141226,0
176,1022488291,1,文刀大土申,4920389,27,5,2018-03-30 23:19:01,还能说什么呢，改天二刷。,2018-09-21 15:04:26.342688,0
177,1354544888,1,陆钓雪的木乃伊,4920389,25,5,2018-04-07 20:02:19,但丁·斯皮尔伯格将古希腊-罗马的神话故事和中世纪传统的帕希法尔罗曼斯融合为一炉，成功达到了薄伽丘貌似寓教于乐实则宣扬享乐经验的文学精神，比较开心，多给一星。,2018-09-21 15:04:26.387435,1
178,1348336772,1,结冰,4920389,49,5,2018-03-28 00:19:24,不得了，斯皮尔伯格利用前沿科技打造了一部娱乐视觉大片，却没丢掉故事的情感内核。彩蛋一个接着一个，有一些些游戏梗没get到，但依然好看。,2018-09-21 15:04:26.402250,1
179,1350789212,1,熊阿姨,4920389,22,4,2018-04-01 16:33:03,对浸润在美国游戏文化里长大的人来说，这部片应该就是一种即将到来的真实世界。,2018-09-21 15:04:26.412401,1
180,1350553525,1,過期貓糧,4920389,28,4,2018-04-01 08:17:57,大龄死宅必看，秒秒钟都是成吨彩蛋，只恨电影没有暂停键。看到决战时从天而降的那位（就不剧透了），就好比我老婆看见金秀贤，激动得我简直要捂嘴痛哭！,2018-09-21 15:04:26.419993,1
181,1349691929,1,竹叶卷心,4920389,15,4,2018-03-30 21:31:59,还不错，虚拟与现实的结合，前半部分简直是特效的炫技。虚拟世界真的很有想象力。闪灵那段有点吓人和搞笑。,2018-09-21 15:04:26.424340,1
182,1348991955,1,赵启辰,4920389,32,5,2018-03-29 13:48:25,斯大叔这个年岁还能拍如此气质又情怀满满的片真是惊奇，致敬了多少款游戏和多少部电影已经数不清，融合了从六零后到九零后的情怀，没有任何导演能做到，商业电影的极致应该如此,2018-09-21 15:04:26.432559,1
183,1349768581,1,bibabo,4920389,32,5,2018-03-30 23:15:08,想象力和游戏万岁！索尼微软以及骨灰级的雅达利都齐了，任天堂是台词中被提到，主机阵营唯独少了昔日的世嘉，有点可惜。斯皮尔伯格真的太懂游戏和流行文化了，要说时代有什么不同，那就是小时候偷偷摸摸打游戏的人，现在有钱拍电影了,2018-09-21 15:04:26.437557,1
184,1350543539,1,夕梨,4920389,44,4,2018-04-01 07:27:48,不爱玩游戏，看之前还担心看不明白，结果出乎意料的好,2018-09-21 15:04:26.444427,1
185,1348333642,1,阿宇同学,4920389,38,5,2018-03-28 00:12:39,无尿点的好看，两个半小时恰到好处一点都不闷。虽然因为知识面的原因导致不能全部完美接梗，但是，完全不影响观影体验！大概是二次元和三次元人类能达成共识的一部电影。,2018-09-21 15:04:26.455374,1
186,1349677948,1,車神薛仔,4920389,56,3,2018-03-30 21:09:20,中间睡着几次，看完觉得还行。。闪灵那段比较牛逼。后段节奏有点崩,2018-09-21 15:04:26.460454,1
187,1349708357,1,五色全味,4920389,22,4,2018-03-30 21:56:13,迷影元素還是令人會心一笑的，尤其是《閃靈》重現和日本電影情懷，加一星。第三段又回到爆米花，打來打去看得好想睡覺。史屁飽還是太主流了，本質還是爆米花,2018-09-21 15:04:26.468838,1
188,1355482555,1,丁小云,4920389,19,4,2018-04-09 12:17:25,看完这部电影一周后再去想应该给这部电影打几星，估计会有很多人都会给本片少打一星乃至两星吧……,2018-09-21 15:04:26.474049,1
189,1354471781,1,袁长庚,4920389,16,4,2018-04-07 17:56:37,电子游戏世代的荷马史诗、劝善歌，价值观和手法都无甚新奇，但是游戏的这张皮真是精致如象牙微雕。看的时候特别感慨，这就是西方文化精英试图规劝下一代的努力，我们就造出杨永信这样的货么？,2018-09-21 15:04:26.482508,1
190,1353772865,1,般若儿,4920389,39,4,2018-04-06 17:33:44,特别精彩和刺激，尤其是闪灵的那段非常有代入感，游戏世界和现实生活的转换也很自然，导演和演员都很棒。就是有些部分看完后让人不太理解，这是一部值得多刷的电影。,2018-09-21 15:04:26.487153,1
191,1353915845,1,端木夜,4920389,40,4,2018-04-06 20:50:22,很精彩，结合动漫，很有意思。把游戏世界和现实生活连接在一起，好热血。,2018-09-21 15:04:26.492102,1
192,1215978540,1,su27根本就没有,4920389,28,5,2018-03-27 22:33:30,纯天然绿色零剧透无公害友邻就是在下。五星送给超会玩的斯大爷。,2018-09-21 15:04:26.500672,1
193,1349678310,1,小步捯饬着,4920389,35,4,2018-03-30 21:09:59,确实厉害，制作精良，现实与游戏世界的交互未来感很强，但这老头透露着一股对人性的过于乐观，大多数人沉溺于游戏并不是因为孤独，而是沉溺于游戏之后才变得孤独，脱离现实，梦想家毕竟是少数，大多还是逃避残酷现实的loser，就像最后没有开的那枪一样,2018-09-21 15:04:26.506055,1
194,1350118911,1,Luke,4920389,39,5,2018-03-31 16:09:29,希望微信周二周四也不能访问。,2018-09-21 15:04:26.511279,1
195,1351505555,1,阿汤,4920389,18,3,2018-04-02 21:09:54,现实很累，游戏也累，从虚拟回到现实，吃好一顿饭，并不见得就是一种解脱，回到现实中，人人都是现实的契约奴隶，照样过不好这游戏一样的人生。,2018-09-21 15:04:27.122326,0
196,1348458802,1,拐了,4920389,46,3,2018-03-28 11:20:56,还是一个标准、简单的好莱坞大片。,2018-09-21 15:04:27.153758,1
197,1349579390,1,明安,4920389,32,4,2018-03-30 17:23:05,哈哈哈梗真多,2018-09-21 15:04:27.164781,1
198,1349261829,1,萧秋水,4920389,39,5,2018-03-30 18:27:13,几年来还没有一部电影，像《头号玩家》这样让我完全投入其中，仿佛亲身经历了一场虚拟人生。作为一个在虚拟世界恋爱并在现实世界结婚的人，我的确对片中的情感有很深的认同。虚拟实境、极速飞车、生死探险、第二人生……融合了太多时代符号的这场大戏，简直就是一部文化发展史，光怪陆离、极致浪漫，故,2018-09-21 15:04:27.176287,1
199,1349217021,1,LORENZO,4920389,16,4,2018-04-03 05:19:06,游戏迷的盛宴，VR世界的终极形态，全程都在数玩过的游戏以及找彩蛋。觉得不够好的地方是第三把钥匙的获取，结尾的设定，以及文戏的过分浅显的对白。然而此外的部分，尤其是游戏的部分特别精彩。四星。,2018-09-21 15:04:27.187415,1
200,1350810452,1,西帕克,4920389,15,4,2018-04-01 17:11:42,正是因为《巴卡路班仔》所代表的那支亚文化的独特与特别，才可以让重新发掘这些的《头号玩家》如此火爆。观看这样的电影，也成了观众寻找同类的过程，我们曾经爱过，却不被其他人重视的事物，在这里成为了整个世界都在寻找的最高准则。在如同圣堂的好莱坞一级大片和黑暗的影院中，完成了一次洗礼。,2018-09-21 15:04:27.198698,1
201,1350719077,1,斑陀螺,4920389,17,4,2018-04-01 14:22:00,虽然看得很开心，但此片对游戏角色的使用态度更像是「大伽客串了群演」，真正把玩梗融入到剧情里的反而是闪灵钢普拉哥斯拉这样的影视IP。现实部分的戏和刺客信条一样鸡肋，最后的说教尬出天际，原本就是在现实过得不爽才逃去玩游戏的，你当了人生赢家就有脸说「现实比游戏更好」？,2018-09-21 15:04:27.209523,1
202,1349720695,1,所有团的团长,4920389,25,4,2018-03-30 22:14:07,记得以前曾经想策划过一个稿件，就是游戏和电影在未来的边界是否会越来越模糊。我觉得斯皮尔伯格的牛逼之处不在于埋了多少彩蛋，而在于预示了电影一种极有可能的未来。,2018-09-21 15:04:27.221219,1
203,1350504907,1,H!karu,4920389,19,5,2018-04-01 01:58:29,Hardcore nerds porn. ,2018-09-21 15:04:27.231934,1
204,1349329240,1,艾晨,4920389,27,4,2018-03-30 02:54:28,作为一个不专业的游戏行业从业者，给电影打四星；作为一个不专业的电影爱好者，给电影打三星。整体75分吧。《头号玩家》就像一台造梦机器，再现了很多人幻想中的场景；然而诸多的电影梗、游戏梗只是电影的热闹补充，再锦上添花，也不是电影本身。总之，“谢谢你来玩我的游戏。”,2018-09-21 15:04:27.243078,0
205,1351505599,1,红桃L,4920389,51,3,2018-04-02 21:09:58,"这部电影的评分其实很简单
对于游戏迷和欧美大片迷来说，无数的彩蛋让他们爽到了，那就是五星
对于不打游戏或偏爱文艺片的观众来说，他们get不到这些梗，看完后云里雾里的，那就是两星三星 ，顶多跟风四星
很不幸我属于后者...",2018-09-21 15:04:27.253559,1
206,1350478005,1,吃瓜少年,4920389,15,4,2018-04-01 00:54:49,信息量和致敬梗很多的爽片，立意也不错，寓教于乐比起说教更让人印象深刻,2018-09-21 15:04:27.261028,1
207,1341811352,1,席德,4920389,31,3,2018-03-30 14:18:18,人物形象单薄刻板，大东的存在就是为了出高达，修可以直接删掉没影响。经典文化元素应该是锦上添花，而不是压倒叙事、喧宾夺主，粗暴挪用文化符号的手法让我有种看春晚的错觉。谢里丹这样有才华的年轻演员，近几年又是演X战警又是演这个，总把时间花在这种“谁演都一样”的电影里，不应该啊。,2018-09-21 15:04:27.267215,1
208,1351607429,1,我要加油,4920389,47,3,2018-04-02 23:54:45,不要沉迷游戏了，可是现实生活中谁能做到,2018-09-21 15:04:27.271922,1
209,1333726996,1,荆棘,4920389,34,5,2018-03-31 10:08:23,"比较可惜的就是主角姨妈和渣男友的被害，女主的手下同样被抓去未归，处理的不太好。无政府主义的设定和突如其来的警察不合理。全民沉迷VR与粮食减产不深刻。除此，帅不过3秒高达，馆长硬币赌注，以及黑人队友与男主相认，笑哭。
其实，有时候我也想回到一会儿童年时无忧无虑打电动呢~愿世界和平。",2018-09-21 15:04:27.276345,1
210,1314998507,1,烟波人长安,4920389,28,5,2018-04-01 14:47:01,这货不是电影，这货是二次元的毛片啊！。。。,2018-09-21 15:04:27.281237,1
211,1350825307,1,冰山李,4920389,22,2,2018-04-01 17:38:08,大数据终将替代想象力 with Anana,2018-09-21 15:04:27.285785,1
212,1350918206,1,沈入忘,4920389,20,5,2018-04-01 20:24:09,好好看！！！ 看之前很担心不懂游戏梗能不能看懂，根本不用担心。因为理想，热爱，真诚，情感，每个人都是共同向往和拥有的。,2018-09-21 15:04:27.290139,0
213,1294419397,1,匡匡,4920389,11,4,2018-04-02 15:18:50,斯皮尔伯格不是拍电影，也不是拍彩蛋，是做标本。死扛着没瞧任何剧透，赶个早场去观摩了。同场还有两位走路颤巍巍、需要互相搀扶的老爷爷老奶奶，这股子勇猛贴近年轻世代文化的精神，着实可嘉。不过，说它是整整一代人的“流行文化”编年史，我可不咋赞同。最多是“御宅文化”的一次总动员。,2018-09-21 15:04:27.296316,0
214,1350330623,1,大燕威王~扑腾,4920389,20,5,2018-04-01 23:27:03,从一曲《I Hate Myself For Loving You》响起，全程高燃。看到高达了！好激动！斯皮尔伯格就属于那种商业片基本功非常扎实的人，我们的电影人应该多学习他，有情怀可以，但一定要招待好观众。,2018-09-21 15:04:27.301321,1
215,1349460196,1,今夕何夕,4920389,37,4,2018-03-30 12:49:12,本对游戏类电影不感兴趣，却意外得不错，科幻巨作，斯皮尔伯格还是厉害。,2018-09-21 15:04:28.183534,1
216,1349729588,1,大时代·歌姬,4920389,24,4,2018-03-30 22:26:31,"这真的是只有爱电影➕爱游戏的人才能做出来的电影。
光荣归于斯皮尔伯格，伟大归于电影和影迷！",2018-09-21 15:04:28.230124,1
217,1350962700,1,子文东,4920389,22,3,2018-04-01 21:31:09,买票时明明标了原声，现场居然是国语配音，巨坑无比…… 不过除去这个因素，还是感觉很一般啊。评分确实虚高太多了。,2018-09-21 15:04:28.241659,0
218,1350312327,1,周眠,4920389,15,5,2018-03-31 21:30:46,最赞+1s这个彩蛋。,2018-09-21 15:04:28.253224,1
219,1348446321,1,哟大豪爷,4920389,41,5,2018-03-28 10:51:19,彩蛋太多了！！！！！！,2018-09-21 15:04:28.265093,0
220,1348909218,1,饮歌,4920389,37,5,2018-03-29 10:28:37,精彩绝伦，难以言表！这部片子让我再一次相信电影是一门光影的艺术，再一次爱上了电影。在一个颓垣末世那么似曾相识的未来设定里，老斯巧手匠心得用VR的概念把科幻电影拍出了新的高度。那些琳琅满目的致敬和别出心裁的彩蛋，真的是不把影迷看到高潮不肯罢休！,2018-09-21 15:04:28.276624,1
221,1351264218,1,卒业之奏,4920389,34,3,2018-04-02 12:05:11,从红海开始 豆瓣的评分体系就已经崩塌了,2018-09-21 15:04:28.288082,1
222,1349613792,1,awty,4920389,41,1,2018-03-30 18:49:52,其实仔细想一想，这片真正和游戏有关的内容有几个？,2018-09-21 15:04:28.298696,1
223,948811559,1,安东,4920389,15,5,2018-04-06 23:09:26,一边嗨一边觉得悲哀：就算未来真有这么个牛逼游戏，我天朝玩家不翻墙估计还是登录不了。,2018-09-21 15:04:28.310582,1
224,1351394407,1,KREJERK,4920389,29,1,2018-04-02 16:56:18,一星半吧,2018-09-21 15:04:28.320949,1
225,1353198760,1,野子,4920389,23,5,2018-04-05 21:19:03,不能因为从来不玩游戏而少打一颗星，好电影光芒万丈。,2018-09-21 15:04:28.332289,1
226,1350765743,1,gegemoon,4920389,15,4,2018-04-01 15:49:56,斯皮尔伯格再任性，也还是要帮华纳强行植入各种DC元素。不过预算应该都花在特效上了，演员不是新人就是英国人，这次不舍得请汉克斯了。反派手下的人其实并不弱，主要都毁在boss自己身上了，也是很典型的傻逼老板。最后女主如果真的是中年宅男Chuck就太妙了哇。,2018-09-21 15:04:28.346999,1
227,1351366884,1,战将波舰金,4920389,18,3,2018-04-02 15:58:01,人类在过去二三十年里几乎没有任何新的想象，救赎被数字日益吞噬的孤独灵魂的，反而是仍旧是这些流行文化图腾，这难道不是最令人伤感的事情吗,2018-09-21 15:04:28.353997,1
228,1349342845,1,牛腩羊耳朵,4920389,19,4,2018-03-30 05:50:55,斯皮尔伯格对ACG二次元文化的总结和正名，特别是对游戏迷们来说就是狂欢，最后不忘防沉迷提醒广大玩家现充的重要性。各种梗多到来不及数的地步，有些“掉书袋”的嫌疑，第一关场面调度屌炸天，第二关迷影中的迷影情怀与还原度爆表，第三关大戏相比之下就略缺乏新意【头号玩家=人民币玩家】,2018-09-21 15:04:28.360275,1
229,1352235802,1,樂安,4920389,13,5,2018-04-12 10:40:09,特效很棒，剧情也在线，彩蛋桥段爆点都很赞。,2018-09-21 15:04:28.364865,1
230,1351282264,1,婷婷爱八卦,4920389,42,4,2018-04-02 12:51:02,科幻类电影的极致挑战了，反派略弱了一点,2018-09-21 15:04:28.369304,1
231,1350296059,1,2koo,4920389,16,4,2018-03-31 21:07:45,土豪氪金玩家大战腾讯。,2018-09-21 15:04:28.373962,1
232,1356537505,1,Bless_U,4920389,29,4,2018-04-11 14:29:24,要懂得走回头路，要懂得活在当下，要勇敢踏出每一步。虽然只看懂一半，但挺热血的，玩游戏就是找热血得感觉。,2018-09-21 15:04:28.377986,1
233,1351129508,1,左胸上的吸盘,4920389,17,3,2018-04-02 01:57:29,勉强及格。和慧在影院看的第一部片子。主线架构很俗了，寂寞有钱人的动机就是让别人去了解他，有点苦涩有点浅薄，这个层次连《海贼王》都比不上啊。全片精华是拿第一把钥匙的飞车戏，除了不少电影彩蛋在镜头上也有游戏感；以及最后召唤大军，缭乱的游戏人物里，钢铁巨人联合高达大战哥斯拉。别的无甚观,2018-09-21 15:04:28.382766,1
234,1350036544,1,草威,4920389,21,4,2018-03-31 13:29:46,1.退一步海阔天空；2.人最舍不得的是未能实现的愿望；3.最爱玩的人能有最多收获。斯皮尔伯格讲童心还是有一套。,2018-09-21 15:04:29.086560,1
235,1349510693,1,思郁,4920389,24,5,2018-03-30 14:53:42,太牛逼了，好莱坞第一大佬的称呼不是吹的，这就是写给自己电影生涯的一封情书，迷影者才会享受这美好的过程。,2018-09-21 15:04:29.108273,1
236,1348087387,1,瓦力,4920389,24,4,2018-03-27 15:14:55,这是资深电影电玩动漫迷的《达芬奇密码》+《黑客帝国》，也是史上彩蛋最多的电影，有IMAX加持戴上眼镜那刻就沉浸“绿洲”了，沉浸感超强，不过哈利迪谜题改得比原著还简单说不过去，只有主角牛逼其他玩家都是傻逼么...没看过《闪灵》没玩过相关游戏的观众会少一些乐趣。绿洲绝对是“奶头乐”的终极载体,2018-09-21 15:04:29.114981,1
237,1351822246,1,顾俏乜,4920389,12,5,2018-04-03 13:51:01,相当燃相当热血的一部片子。,2018-09-21 15:04:29.120292,1
238,1350425540,1,唐小万,4920389,18,3,2018-03-31 23:40:10,每年公司都要让我们做一个信息安全测试，其中一条就是千万不要把密码抄在纸上。,2018-09-21 15:04:29.124361,1
239,1349844116,1,大瘦瘦,4920389,41,3,2018-03-31 01:19:25,泼点冷水吧，我想我看完的震撼程度不如当年玩的金庸群侠传吧,2018-09-21 15:04:29.129216,1
240,1349819847,1,PomBom,4920389,18,5,2018-03-31 00:32:37,看完胸中有千言万语，一时也难以尽吐，只是走出影院，迎着回家路上的夜风，想到那句“谢谢你来玩我的游戏”，还是忍不住流泪。斯导已经七十二岁了，但这部电影让我觉得，他就是那个我从很小的时候就开始一直盼着的，理想中的最好的朋友。,2018-09-21 15:04:29.134321,1
241,1349876938,1,Ravan,4920389,39,3,2018-03-31 04:05:21,真的高达大战哥斯拉不常见的，能把烂剧本拍成这样斯皮尔伯格也是牛逼了,2018-09-21 15:04:29.139246,1
242,1354695507,1,注销,4920389,11,3,2018-04-07 23:11:02,不是科幻电影，没有任何世界观的贡献。Z手捧金蛋问哈利迪你是角色还是活人，只是再问一遍耶稣是神还是人。最高潮是坏到极致的大反派被主角一滴眼泪感化，更不用提剧本其他的槽点和俗套。斯氏自己的电影里前五也排不进去。如果这样的埋梗技术也要大呼小叫，那么看今敏得备两瓶速效救心丸吧？,2018-09-21 15:04:29.144125,1
243,1350934583,1,苹果派,4920389,46,4,2018-04-01 20:49:19,被闪灵吓到了，游戏玩的少，有些梗没get到，片子确实很酷炫。男主帅点就更好了。,2018-09-21 15:04:29.148965,1
244,1350781603,1,欢乐分裂,4920389,14,4,2018-04-01 16:18:32,非游戏控达成大银幕实战经验，在高度视效的世界里体验异次空间，VR化的现实在游戏里的倒映；各种梗眼花缭乱，van  helen热血开场，beegees撩人，JD惊鸿一瞥，高达赛高，最提神的当然是闪灵之复现，满身惊栗；“谢谢你们玩我的游戏”，回归现实也有温暖的拥抱。,2018-09-21 15:04:29.154020,1
245,1360720256,1,炫3D,4920389,10,4,2018-04-19 17:13:20,很新鲜的创意，身临其境的感觉，这就是斯皮尔伯格的电影,2018-09-21 15:04:29.158668,1
246,1351077818,1,舟菖蒲,4920389,15,4,2018-04-01 23:57:28,朋友曾说诗词的本质是“用典”。看完这部电影我觉得，游戏、网络论坛、以及所有亚文化中的玩儿梗本质上和用典是一回事，只有玩梗才可以保持与历史、传统的接续和对话，从而树立自身的边界。而如果没有这种接续和边界，无论流行文化还是古典文化，都将不复存在。,2018-09-21 15:04:29.163657,1
247,1351063304,1,Vamei,4920389,12,5,2018-04-01 23:37:46,梗都看不完,2018-09-21 15:04:29.168660,1
248,1350877247,1,陈哈,4920389,11,4,2018-04-01 19:15:25,内核是好莱坞大片百年不变的三观正。有人认为斯皮尔伯格开创了电影未来的拍法，我觉得没有，此片有创新，但创新不是发明，创新是将现有元素重新组合。也有人因为观众一边倒的好评而带着排斥情绪看片，刻意打低分，我觉得除了影响自己心情应该没有其他好处了，反正别人没损失。,2018-09-21 15:04:29.173721,1
249,1349336034,1,有心打扰,4920389,17,4,2018-03-30 04:03:38,影片实在太可恶了，它一层层挖开我的梦，电影、动漫、游戏...我想起了大学在宿舍里一个人在深夜里看《闪灵》，想起了中学时候看高达，也想起了小时候跟朋友在玩任天堂...在高潮迭起时，泪流满面。,2018-09-21 15:04:29.178650,1
250,1353319694,1,邓若虚,4920389,15,4,2018-04-05 23:26:36,斯皮尔伯格顺手提高了爆米花电影的入门标准——爆米花电影要拍得这样过瘾，才能算是良心之作嘛。斯皮尔伯格今年 72 岁了，72 岁的老头能把这些眼花缭乱的东西玩得这么溜，真是给这个世界增添了不少安全感。有人以这种方式来聊“死亡”这件事，也真够任性和别出心裁。如果库布里克还活着，会怎么样呢。,2018-09-21 15:04:29.183552,1
251,1349804356,1,银色bullet,4920389,19,5,2018-03-31 00:06:59,上线防沉迷系统你敢信？,2018-09-21 15:04:29.188471,1
252,1343975686,1,余小岛,4920389,23,5,2018-03-29 22:40:02,虽然彩蛋多到根本来不及反应，错过了很多惊喜，但只要有那一段完美还原的《闪灵》就足够了。斯皮尔伯格用这种方式把他的偶像库布里克放进自己的电影，不愧是是头号迷弟。以及电影比小说好太多，不仅仅是影像上的视觉奇观，三个钥匙的冒险游戏以及最后的结局都有意义得多。“感谢你玩我的游戏。”,2018-09-21 15:04:29.193301,1
253,1354211726,1,xxxx,4920389,30,5,2018-04-07 09:31:01,游戏与电影的结合，特效很赞，IMAX看会更棒，好看,2018-09-21 15:04:29.198233,1
254,1340001567,1,搬砖侠,4920389,26,5,2018-03-28 12:57:44,除了震撼想不到别的形容词，应该会成为《阿凡达》那样划时代的科幻经典巨制吧，电影本身就是一场跨越游戏、电影、ACG等现代流行文化的巨型彩蛋，高达大战机械哥斯拉、街霸守望先锋真人大乱斗、阿基拉横冲直撞GTA、金刚巨兽怒火街头，另外反派boss的设定怎么这么像国内某鹅厂大佬呢，连公司名都叫lol啊,2018-09-21 15:04:29.837595,1
255,1363844943,1,李小丢,4920389,11,4,2018-04-25 16:57:08,作为呆在Jewnicorn这艘幽灵船上的女孩，观影体验是TSN《社交网络》才是最大的彩蛋，绿洲创始人Haliday和自己合伙人Morrow的相知-决裂-悔恨，以致于将这份悔恨化为玫瑰花蕾的心意，让人不由幻想扎克伯格年老的时候会不会在Facebook上留下一朵怀念Wardo的玫瑰花蕾，怀念他曾经有过的，唯一的朋友。,2018-09-21 15:04:29.910301,1
256,1348795976,1,冰心锁,4920389,32,5,2018-03-29 00:07:11,死肥宅，日呆，美分，二次元的狂欢,2018-09-21 15:04:29.916915,1
257,1349567648,1,火星制造,4920389,44,2,2018-03-30 16:58:48,俗套的故事，不如阿凡达体验好。,2018-09-21 15:04:29.921480,1
258,1349550260,1,文森Vincent,4920389,24,3,2018-03-30 16:21:48,大概我这样悲观的人并不适应观看此类纯粹以情怀和想象力堆砌的电影，它由内而外散发着某种激烈而虚幻的喧腾，而我却期待影片现实部分以《千钧一发》的悲伤式呈现。快餐时代的集体命运是在喧腾结束的那刻迎来无尽的空虚感，抽离本片煽动的种种情绪后，观众同样会迎来属于他们自己的呆滞时刻。★★★,2018-09-21 15:04:29.926025,1
259,1350154170,1,特立独行的猪,4920389,36,3,2018-03-31 17:09:46,为什么分那么高，感觉就是一般好看啊,2018-09-21 15:04:29.930922,1
260,1351540623,1,水田英松,4920389,15,3,2018-04-02 22:10:29,我最讨厌的游戏就是带激光的游戏；我最讨厌的电影就是带激光的电影。,2018-09-21 15:04:29.935960,1
261,1349675238,1,斯齊佐飛力尼克,4920389,14,4,2018-03-30 21:04:46,情怀玩到极致，娱乐大片玩到极致！Simon Pegg怎么只混了个这么酱油的角色！哭！,2018-09-21 15:04:29.940670,1
262,1350637324,1,葫芦娃是麦霸,4920389,8,5,2018-04-07 02:14:50,太好看了!值得二刷三刷!另外，里面的反派我觉得又怂又懵有点搞笑是怎么回事,2018-09-21 15:04:29.945425,1
263,1350887996,1,等一个人,4920389,14,5,2018-04-01 19:34:37,看之前完全没抱期待，结果在电影院里泪崩，不是感动的，是找彩蛋眼睛痛。,2018-09-21 15:04:29.949888,1
264,1352249398,1,Mr.Charles,4920389,15,4,2018-04-04 10:54:58,感谢你的电影 成为我人生的一部分,2018-09-21 15:04:29.955042,1
265,1352487507,1,godannar,4920389,7,3,2018-04-04 19:42:14,点成不了线,2018-09-21 15:04:29.959590,1
266,1349217076,1,寒枝雀静,4920389,28,3,2018-03-29 22:17:16,D/致敬之外的文本内核单薄甚至矛盾，把剧作推向极端、直接探讨虚拟内的虚拟而非虚假正能量更能够达到应有的反思。但实际上技术＋情怀＋陈旧故事的结合下，反思或攻壳式的升华都很难达成。骨架血肉如此再多堆砌式致敬也只是加剧好莱坞式空洞＋底层革命骗局。华丽运镜美术加分。为本叔爆灯保留及格！！！,2018-09-21 15:04:29.964626,1
267,1354299183,1,德川咪咪,4920389,22,5,2018-04-07 12:43:44,体验很爽，核心老派。曾经和刘宇昆聊起过科幻作者对未来世界的态度。他写过意识上传的题材，人类文明用一管灯泡的能量就能维持。老派的人会本能地反感，但对于新人类而言一切都是自然的。所以，“周二周四关闭绿洲”只是老派人类的愿景，就像每周两天全世界断网一样不可能。,2018-09-21 15:04:29.969004,1
268,1345083958,1,阿子-,4920389,10,5,2018-03-30 15:30:06,献给游戏宅的颂歌，但是又很巧妙地提醒了断网的重要性……玩过的游戏太少，有些梗get不到。不过不妨碍我把3D眼镜哭花了（消毒眼镜真的重要）。史皮堡这一套就是我的type，无法抵抗！最大槽点是一部讲彩蛋的电影，没！有！彩！蛋！,2018-09-21 15:04:29.974598,1
269,1350769901,1,三七莲华,4920389,17,4,2018-04-01 15:57:36,梗多于剧情的片儿。我大概不是目标观众所以看得不太激动。,2018-09-21 15:04:29.980077,1
270,1349341972,1,Lycidas,4920389,15,3,2018-03-30 05:34:43,3.5 前两关超精彩，rylance恍如孩童化身般存在，时光倒流的造梦愿望，极其动人。可惜到了最后一关仿佛用尽招数，虽然强行埋梗仍乐此不疲，但打群架还是落回了中二俗套（现在流行青少年统治世界？）老斯还是时刻不忘政治正确和喊口号，尴尬死了。日本小哥哥好好看！二刷减分，经不起细看。,2018-09-21 15:04:29.987303,1
271,1352508095,1,菠菜,4920389,17,3,2018-04-04 20:21:37,高达出来还是蛮燃的，但是这些关卡和游戏公司。。。真是感觉他们没有见过我天朝各类玩家啊。,2018-09-21 15:04:29.992856,1
272,1351995506,1,知念侑李,4920389,40,4,2018-04-03 20:43:46,虽然get不到太多彩蛋。但是依然觉得很爽的一部片子。票价值了。,2018-09-21 15:04:29.997353,1
273,1350948452,1,pluto早上好,4920389,40,3,2018-04-01 21:10:16,真的过誉了,2018-09-21 15:04:30.003593,1
274,1349804833,1,张春[阿卡纳],4920389,17,5,2018-03-31 00:07:44,赞爆,2018-09-21 15:04:30.728242,1
275,1349324371,1,罗汗,4920389,14,5,2018-03-30 02:20:17,一首流行文化的最强赞美诗。,2018-09-21 15:04:30.733754,0
276,1349220166,1,qw0aszx,4920389,18,4,2018-03-29 22:22:16,本质只有三星的片子，靠塞梗的观感直接拉到四星水准估计也仅此这片了吧，还原《闪灵》的段落直接预订年度影视十佳段落之一，真的是爽飞 7.6分★★★★,2018-09-21 15:04:30.738761,1
277,1352174539,1,.L.,4920389,14,2,2018-04-04 06:03:46,乱炖而已,2018-09-21 15:04:30.743850,1
278,1349307281,1,楊不歡,4920389,14,5,2018-03-30 01:04:09,這種電影簡直是SiFi geek的埋梗天堂，我中二的前男友應該很喜歡，這可能是第一部我看到那麼多不合情理的弱智情節還打五星的電影，看懂梗的笑到爆炸,2018-09-21 15:04:30.747847,1
279,1350482619,1,灰土豆,4920389,12,4,2018-04-01 01:03:38,还真是…除了彩蛋啥也没有啊……,2018-09-21 15:04:30.752897,1
280,1350369889,1,JulyChan,4920389,21,5,2018-03-31 22:38:47,2018年引发颅内高潮的第一剂春药。走着进去，跪着出来，时刻担心自己心梗。观影时旁边密集安插各种能GET到梗的迷影患者，黑暗中素不相识的SOULMATE。电影音乐游戏动漫……人类对无用之物的热爱可真幸福啊：爱上一个认真的消遣，爱到后来就用它续命。,2018-09-21 15:04:30.757544,1
281,1353039083,1,富贵儿,4920389,15,2,2018-04-05 17:43:21,情节太老套，看得睡过去了。,2018-09-21 15:04:30.762117,1
282,1349630763,1,瓜瓜饼饼,4920389,35,4,2018-03-30 19:31:50,全程充满着意外，无处不在的惊喜与反转。,2018-09-21 15:04:30.767021,1
283,1353486173,1,冰红深蓝,4920389,16,5,2018-04-06 09:03:24,1.史上首部“元彩蛋”级电影，互文引用大拼贴，探讨记忆与童年一如凯恩的玫瑰花蕾。2.故事架构同主角名——德语文学经典中赢得圣杯堡抱得美人归的Parzival。3.最爱终结者2和改写闪灵的彩蛋，以及挂掉后的金币雨。4.文本简浅，整体上是一部狂欢式的怀旧游戏电影，感谢永远的老顽童斯皮尔伯格~（8.8/10）,2018-09-21 15:04:30.771551,1
284,1344117388,1,蚂蚁没问题,4920389,10,5,2018-03-30 15:22:25,这也是我们所有玩家、影迷的玫瑰花蕾啊,2018-09-21 15:04:30.776319,1
285,1349707397,1,[已注销],4920389,14,5,2018-03-30 21:54:49,全世界死肥宅联合起来！,2018-09-21 15:04:30.781164,0
338,1349216923,1,[已注销],4920389,17,5,2018-03-30 21:09:30,斯皮尔伯格从没让人失望过,2018-09-21 15:04:33.915120,0
286,1351436850,1,麻油叶,4920389,17,3,2018-04-02 18:37:39,可能是我不够合群。。。,2018-09-21 15:04:30.785511,0
287,1349548378,1,Thor(in)Asgard,4920389,4,4,2018-03-30 16:17:22,像我这种游戏废柴，一定不会希望生活在这种虚拟现实里……不过运动量如此之大的游戏，倒是可以避免变成“肥”宅,2018-09-21 15:04:30.790282,0
288,1348516149,1,CyniCyniCyniC,4920389,17,5,2018-03-30 17:09:00,又臭又长的结局也无碍它直接预定2018最好看的商业大片之位吧，《闪灵》那段我和同学尖叫+笑到飙泪。,2018-09-21 15:04:30.795241,0
289,1352262802,1,撕撕撕,4920389,13,3,2018-04-04 11:22:15,典型的创意一时爽，套路火葬场。讲真，对找梗这么热衷去看同人就好了啊，一部电影最大的意义是梗也太悲哀了吧。消费情怀这事的前提如果不建立在情怀，那就只剩消费了，最终的情怀/价值观导向还是沉迷游戏不如回归现实…亚文化电影落在了真·主旋律（问号脸,2018-09-21 15:04:30.800323,0
290,1353372835,1,崇子,4920389,13,4,2018-04-06 00:25:28,五人组里去掉一个日本武士，换成一个中国仙人该多好玩～嘻嘻嘻～,2018-09-21 15:04:30.805353,0
291,1350276906,1,暹罗copen,4920389,11,5,2018-03-31 20:38:47,身为老男孩在电影院里泪流满面，谢谢所有曾陪伴过我的游戏电影和音乐。,2018-09-21 15:04:30.810091,0
292,1351218949,1,申公豹,4920389,10,3,2018-04-02 10:24:02,听说只要不是五分就会被开除宅籍？也对，谁要我是冻鳗小白呢，我啊，可是完全看不懂梗呢,2018-09-21 15:04:30.814496,0
293,1348121660,1,白猿,4920389,29,3,2018-03-27 16:38:32,即使基友情深、情怀满满，但仅靠屌丝逆袭的网文套路，仍旧让我无法说服自己放弃逻辑，当然看个特效看个梗还行，就别要自行车了…,2018-09-21 15:04:30.819344,0
294,1349719509,1,介意,4920389,7,3,2018-03-30 22:12:29,"見證工業史之躍進以及lazy writing之固化（stop saying rosebud""!!!）。整部電影不斷再說：Writers"," suck it. We don’t need you no more.""",0
295,1350323653,1,猪大腿,4920389,7,5,2018-03-31 21:46:03,对我来说最大的彩蛋居然是在《与莎莫的五百天》里出现过的片尾曲。另外“请勿在周二安排任何社交活动”简直应该写在人际交往守则的第一页。,2018-09-21 15:04:31.529821,1
296,1351188991,1,更深的白色,4920389,12,4,2018-04-02 09:07:19,故事其实有点弱，太经不起推敲了。但是讲的真好，那些起伏小扣子大回转，能一直把观众控制在情绪里，这就是工业大师啊！而且能看出他是真的热爱那种明亮的价值观，也就真有感染力，这就是所谓真诚的导演吧！,2018-09-21 15:04:31.537243,1
297,1350399035,1,苏瑾深,4920389,25,5,2018-03-31 23:10:08,顶级享受，集游戏、动漫、影视、科幻、电子乐大成的视听盛宴。1、我从未想过这辈子我还会在电影院重温一次《闪灵》，而且是近乎VR体验的还原度极高的《闪灵》；2、高达出现的一瞬间，我高潮了；3、钢铁巨人掉到岩浆之前竖大拇哥的时候，第二次高潮来了。,2018-09-21 15:04:31.541987,1
298,1351185817,1,撒旦君,4920389,13,4,2018-04-02 08:57:16,大龄死宅顶级毛片,2018-09-21 15:04:31.546826,1
299,1346341136,1,seabisuit,4920389,15,5,2018-03-29 23:52:21,我在影院中发出惊叹声最多的一次观影，成瘾患者激动不已鸡皮疙瘩爆起，各种梗知道的少情节有毛病都没问题跟着嗨就是了，三刷起步不能放过完全沉浸进去被游戏毁灭的世界。电影的几大功能，斯皮尔伯格是少有的能把商业和严肃的题材都拍成经典的大师，小男主开始扮相真像导演年轻时但后来成汤姆哈迪了,2018-09-21 15:04:31.551274,1
300,1349677959,1,水豚,4920389,14,5,2018-03-30 21:09:21,夹带私货的导演可真屌啊,2018-09-21 15:04:31.556359,1
301,1351672331,1,豆瓣浅度用户,4920389,7,3,2018-04-03 05:43:58,Two hours of my life I will never get back.,2018-09-21 15:04:31.561408,1
302,1349701653,1,执麦者,4920389,16,5,2018-03-30 21:46:36,一部近乎完美的电影作品,2018-09-21 15:04:31.566297,1
303,1349678371,1,绿光,4920389,37,5,2018-03-30 21:10:06,跟风给个五星，不太愿意承认电影和游戏都是挺死宅的爱好，虽然确实很死宅，但是能在电影里找到这种认同感还是很有归属的事情。死宅很好啊，至少当别人不知道约翰修斯是谁，不知道玫瑰花蕾是什么鬼东西的时候你可以骄傲的会心一笑哈哈,2018-09-21 15:04:31.571384,1
304,948770250,1,方枪枪,4920389,15,5,2018-03-31 20:12:59,三幕戏，每一幕都出彩，高达和续命那两个桥段一出，场内直接欢呼鼓掌，太牛逼了。哪里有压迫，哪里就有反抗。《圆梦巨人》只是个意外，在商业和艺术之间，斯皮尔伯格无疑是最游刃有余的那一位导演，不仅仅是直击观众内心，更是在挑战电影拍摄发展的可能性！姜桂之性，老而弥辣。PS:多的一星给情怀。,2018-09-21 15:04:31.575564,1
305,1350544299,1,猪老三,4920389,12,5,2018-04-01 07:32:17,奥森威尔斯万岁，库布里克万岁，斯皮尔伯格万岁，看完迫不及待想回家玩switch,2018-09-21 15:04:31.580461,0
306,1349877041,1,橙子,4920389,38,3,2018-03-31 04:06:31,可能是期待太高…故事背景挺新颖的 但是故事本身却有点老套 关于初心爱情友情遗憾什么的都没有打动到我 然后森崎温有点帅hhhhh,2018-09-21 15:04:31.585510,1
307,1352671227,1,默语生,4920389,8,4,2018-04-05 00:20:05,故事告诉我们，现充是冒充不了死宅的，脚本工作室是玩家共同的敌人，妹子如果玩鲁加体型又太技术宅是会被直男癌队友当哥们儿然后被女性角色横刀夺爱的……故事本身太过套路，有点浪费视听水准，与其告诫宅们去直面现实，不如告诉现充虚拟世界很重要，它让你没那么面目可憎呢。三星半。,2018-09-21 15:04:31.589228,1
308,1349459095,1,birds,4920389,14,4,2018-03-30 12:46:26,斯皮尔伯格可不是一位沾满铜臭的商人，他不仅在过去制造了、也对当下和未来的流行文化很是在意真正理解！普通玩家找刺激，高级玩家悟人生。“绿洲世界”空白如我，狂生羡慕！闪灵一段亮瞎狗眼，最终大彩蛋，从此称霸彩蛋界。,2018-09-21 15:04:31.592927,1
309,1352162572,1,喵咕兽,4920389,21,2,2018-04-04 02:50:46,其实就是一个老套的菜鸡主角走狗屎运打boss泡妹子的故事，只不过黏贴了很多fancy的外皮，教人觉得哇塞好酷炫！但是其实这样观影感觉极差，在电影院观赏的大家除了闪灵等几个不停强调出现的大IP之外是没有办法暂停来寻找梗的。用看似精心的外皮掩盖了毫无逻辑且后半开始就越来越无趣的剧情。,2018-09-21 15:04:31.596704,0
310,1348535118,1,赫恩曼尼,4920389,20,5,2018-03-31 21:56:03,确实很牛掰！！！无话可说的牛掰！,2018-09-21 15:04:31.600951,1
311,1349887724,1,无聊的人生,4920389,24,4,2018-03-31 06:38:16,好看呀全程高能，剧情不拖泥带水！,2018-09-21 15:04:31.604755,1
312,1349505553,1,Andor-Genesis,4920389,8,5,2018-03-30 14:40:56,ATARI 的强大广告片！～,2018-09-21 15:04:31.608479,1
313,1354936588,1,八贝勒爷,4920389,23,4,2018-04-08 12:32:22,很燃很炫，总体还不错，,2018-09-21 15:04:31.612151,1
314,1352729756,1,Iosefka,4920389,9,3,2018-04-05 03:24:59,本游戏宅单方面澄清：①电子游戏不是逃避现实的避难所，发泄不幸的垃圾桶，请给游戏最基本的尊重 ② 游戏宅不是看到流行文化梗就激动到失禁，自动奉上腰包，一被煽动就前呼后拥的NPC，请给电影最基本的尊重。2018年了，电子游戏还是loser聚集地的刻板印象，即使是Spielberg也不能免俗。,2018-09-21 15:04:32.846583,1
315,1349225043,1,SCIFI,4920389,14,5,2018-03-29 22:30:05,72岁的史匹堡证明自己依然是这个世界上最好的商业片导演,2018-09-21 15:04:32.951705,1
316,1350026343,1,竺.不二.哼哼,4920389,16,5,2018-03-31 13:08:54,★★★★★★★★★★★★★★★★★★★★★★★★★★★★★★★★★★★★★★★★★★★★★★★★★★★★★★★★★★★★★★★★★★★★★★★★★★★★★★★★★★★★★★★★★★★★★★★★★★★★★★★★★★★★★★★★★★★★★★★★★★★★★★★★★★★★★★★★★★★★,2018-09-21 15:04:32.957058,1
317,1353752332,1,懒人的主,4920389,31,4,2018-04-06 17:00:52,如果以后的游戏真能这么高科技，估计全世界人民都得沉浸其中了，也是蛮可怕的，不过电影还是好看的。,2018-09-21 15:04:32.962933,1
318,1350399477,1,你大立,4920389,15,5,2018-03-31 23:10:40,世界pop culture大杂汇呜呜呜果然死宅千千万总有汇合点这片细节是不是一万个五十岁以上的宅男一起做的？看这个体会到了直男们看球的心情天知道我有多想包一场iMax邀请所有好朋友喝酒和抱着尖叫,2018-09-21 15:04:32.966925,1
319,1349858447,1,山人阿苍苍,4920389,11,5,2018-03-31 02:05:38,试问哪一个曾玩游戏看电影啃漫画读小说到废寝忘食的朋友不会被本片击中到热泪盈眶不能自已！？一个宅心中的世界是多么浩瀚啊，而一个宅对心中rosebud的执念却又是足以颠覆世界的，为宅感动为宅流泪。请问有生之年我能玩到OASIS这样的游戏吗？？？,2018-09-21 15:04:32.972277,1
320,1355537814,1,独占我的英雄,4920389,8,4,2018-04-09 14:25:39,好看，不能错过的精彩电影,2018-09-21 15:04:32.977084,1
321,1349124667,1,xxagnesxxx,4920389,19,5,2018-03-29 19:08:23,高达大战哥斯拉 亏Steven想的出来,2018-09-21 15:04:32.982369,1
322,1352948689,1,cs182,4920389,12,5,2018-04-05 15:15:33,剧情逻辑都很差，但是场面五星妥妥的~~~话说第一关的竞速游戏要不是主角光环相信没人能玩得过吧... ...,2018-09-21 15:04:32.987918,1
323,1349678429,1,奇夫,4920389,39,3,2018-03-30 21:10:11,有童心 但可能知道得太少 没那么触动到我,2018-09-21 15:04:32.992686,1
324,1345495097,1,Matchstick,4920389,23,4,2018-03-30 21:10:06,一场献给所有影迷和游戏迷的豪华盛宴，一顿让人忍不住尖叫的视觉大餐。老斯用这部充满活力和新鲜感的电影提醒着我们他依然是那个拍出E.T.的老顽童，并且还能紧跟时代步伐。对上世纪80年代以来ACG文化的频频致敬，配上经典的冒险故事表达的是无论科技如何进步都不忘初心，不忘真情的普世价值。,2018-09-21 15:04:32.997203,1
325,1350115263,1,雅典娜,4920389,7,4,2018-03-31 16:02:55,萤火虫出现的时机实在是太赞了！忍不住鼓掌了！！！,2018-09-21 15:04:33.001595,1
326,1354020453,1,451½°F™,4920389,10,1,2018-04-06 22:54:52,剧情陈旧，反派如同儿戏。讨好游戏屌丝们妄想打打游戏就改变世界的主题恶意得无以复加。堆砌彩蛋的做法无异与「春药式狂欢」，而对于国人，毫无游戏环境与文化语境的叫好，不过是种对于「反叛青春期」的缅怀，以及沦为「病毒营销」的奴隶。,2018-09-21 15:04:33.009906,1
327,1350836378,1,瑾朵朵,4920389,12,4,2018-04-01 17:58:17,实现了隔壁厅出现的高达没能动起来的遗憾。一个围绕彩蛋的电影本身没有彩蛋，希望能学一下隔壁厅的双彩蛋漫威,2018-09-21 15:04:33.016689,1
328,1349852523,1,猴猴塞不进裤子,4920389,12,5,2018-03-31 01:43:56,雾草！太好看了吧！！闪灵吓尿，高达鸡冻，铁巨人哭粗来！啊铁巨人！还有太多彩蛋数都数不过来_(:з」∠)_西蒙佩吉5颗星，整部我给100颗。,2018-09-21 15:04:33.022220,1
329,1353309239,1,丁丁虫,4920389,11,5,2018-04-05 23:15:37,剧情是有点弱但并不妨碍看得开心呀！而且这种开心并非必须要建立在各种梗的基础上,2018-09-21 15:04:33.026846,1
330,1348411921,1,獨孤島主,4920389,10,4,2018-03-28 09:10:56,老派白相宁,2018-09-21 15:04:33.031570,1
331,1350496982,1,黑狗成,4920389,7,4,2018-04-01 01:36:23,这个片版权费谈判是不是有单独部门。,2018-09-21 15:04:33.771135,1
332,1349671222,1,奥利,4920389,19,3,2018-03-30 20:57:36,迷影堆砌让影迷们的高潮，游戏情怀让玩者们的兴奋，同完满结局一起铸成某种虚幻，与之想回归的真实现实相矛盾，即便如此，也确实又看得到老斯原初的赤诚。,2018-09-21 15:04:33.851213,1
333,1353388382,1,Penina,4920389,33,5,2018-04-06 00:46:54,真正戳中我G点的，是那些数不过来的彩蛋大餐。它简直就是动漫迷和影迷的一场饕餮盛宴。,2018-09-21 15:04:33.863438,1
334,1350415404,1,Neroat,4920389,6,4,2018-04-01 17:00:10,一个人在影院看的，虚拟现实嘛，特效真是太精彩了，彩蛋好多！就是闪灵的片段有点吓人。就知道主角外挂会多一条命，只不过没想到莫罗就是馆长，五强的设定也非常不错，有点分不清艾奇是男是女，看到结尾出现导演斯皮尔伯格挺吃惊的，怪不得这么好看。影片立意回归现实，很不错，现实的绿洲是心中的爱。,2018-09-21 15:04:33.877198,1
335,1349481503,1,SingLesinger,4920389,8,5,2018-03-30 13:42:08,"Ultimate entertainment of the decade, embodying your widest dream about the future and your deepest nostalgia. Kneel for Spielberg.",2018-09-21 15:04:33.889297,1
336,1359551260,1,离净语,4920389,6,2,2018-04-17 01:06:22,一般来说最喜欢玩梗的都是b级片吧？大型kitsch。,2018-09-21 15:04:33.900923,1
337,1350795583,1,雙木,4920389,8,2,2018-04-01 16:44:35,一时爽快，反刍不耐。宅壳是挺美的，但对线上游戏的精华部分，小队间的通力合作或社区内面对困难的群策群力，都仅有简单粗暴的表现，对于游戏本身，又不断重复那一套陈腐的现充意识形态（辩真假，明轻重），面对被再造或创生的具体世界，可以以alter名之，但或许已不能再称其为虚或假。,2018-09-21 15:04:33.909971,1
339,1350558345,1,北,4920389,11,5,2018-04-01 08:36:12,72岁，仍然保持着一流的创造力与水准，永不落伍。,2018-09-21 15:04:33.920258,0
340,1350674254,1,emmmm,4920389,30,4,2018-04-01 12:57:08,作为一个既不是游戏宅也不是疯狂影迷的观影者，许多梗还是要额外做功课滴,2018-09-21 15:04:33.924887,0
341,1349511751,1,头你别疼了星人,4920389,13,5,2018-03-30 14:56:19,早上六点开始搬砖并推掉上午的所有事情就为了中午去看电影。太开心了，高达现身的时候全场（共四人，全部肥宅）鼓掌欢呼。,2018-09-21 15:04:33.930068,0
342,1347785574,1,人生啊地不熟,4920389,14,5,2018-03-26 22:23:43,超好看啊啊啊！画面太酷炫了！上一次这么嗨还是《阿凡达》 实在不敢想是70多岁斯皮尔伯格拍的 太超前了太先锋了太天马行空了 数不过来的致敬和彩蛋 出现高达的时候全场都鼓掌尖叫 内核更是讽刺了当下虚拟网络世界对人们现实生活和内心的影响 但虚拟世界再美好 也抵不过现实中好好吃一顿饭,2018-09-21 15:04:33.935968,0
343,1349717739,1,Jin Unrated,4920389,7,4,2018-03-30 22:10:00,应该拍三小时然后节奏再慢点，年纪大了气喘不过来,2018-09-21 15:04:33.940721,0
344,1349867027,1,南乌,4920389,5,3,2018-03-31 02:46:40,斯皮尔伯格的梦-梦想-远景基本是同义的，几乎不会触及“幻灭”，非常美国的世界观。,2018-09-21 15:04:33.946409,0
345,1349597559,1,妙可中国,4920389,6,4,2018-03-30 18:06:49,年过古稀的史匹堡仍能端出一道高品质、视觉效果爆炸的盛宴，各种元素和彩蛋教观众应接不暇。讲真，元祖高达怒艹机械哥总和致敬终结者2让我真是鼓起了掌呐！森崎温高喊母语变高达的瞬间不亚于（环太平洋）里同样高喊母语怒斩开菊兽的菊地凛子。,2018-09-21 15:04:33.951122,0
346,1349827143,1,俺困,4920389,14,4,2018-03-31 00:45:42,马化腾曾经说过，只要你充够了钱，你就可以变的很强。现充值金额至V15会员后即可领取钻石会员专属宠物哥斯拉一只，赠送若干世界级道具。动动手指开始课金，人生赢家之路等你来开启。,2018-09-21 15:04:33.956028,0
347,1358118238,1,天天把豆豆来豆,4920389,5,4,2018-04-14 15:28:29,片中各种游戏、动漫、影视彩蛋信息量太大,2018-09-21 15:04:33.961475,0
348,1350191101,1,redhousepainter,4920389,9,5,2018-03-31 18:15:19,斯皮尔伯格这把年纪还拍出这种片绝对加一星，我们也不能变成油腻的中年人啊。。。看到女主角穿着joy division的T恤，骑着阿基拉的摩托，和男主角在blue monday中起舞，这尼玛不叫梗！！！这就是一份80年代的情书！闪灵大屋子绝赞，高达和铁巨人斗哥斯拉绝赞！,2018-09-21 15:04:33.965819,0
349,1347823218,1,小慌,4920389,18,4,2018-03-26 23:19:13,对于很多人，一辈子最爽的游戏乃至人生体验，都是在童年时期。童年一消逝，快乐就成为难以寻觅的“玫瑰花蕾”。善于寻找的成年人不多，斯皮尔伯格算一个，他懂得快乐的秘密。,2018-09-21 15:04:33.970494,0
350,1350258324,1,拒绝者,4920389,21,5,2018-03-31 20:09:41,高达出场的那一刻，我差点从椅子里跳起来！感动,2018-09-21 15:04:33.974759,0
351,1349324236,1,凹凸,4920389,12,5,2018-03-30 02:19:23,Ben Mendelsohn的屁股好翘哦(重点错,2018-09-21 15:04:34.652214,1
352,1352603748,1,其实楠木可依,4920389,33,3,2018-04-04 22:44:17,挺有时代感的，而且也让人很期待绿洲，但是人物不太丰满，坏人投降莫名其妙的,2018-09-21 15:04:34.687118,1
353,1349211795,1,Alias,4920389,8,3,2018-03-29 22:08:41,我是真的没有童年 看懂了大概三个梗吧,2018-09-21 15:04:34.693753,1
354,1349394104,1,◆ hachi,4920389,8,5,2018-03-30 22:09:01,哈哈哈哈哈哈哈哈猎空的出现太可爱了！还有闪灵还原的一级棒红红火火恍恍惚惚。还有很喜欢的一句话就是游戏不要太在意输赢要懂得享受这才是游戏本身的意义！,2018-09-21 15:04:34.698327,0
355,1351009264,1,方苒生,4920389,14,5,2018-04-01 22:31:58,有生之年居然能在电影院看到3D imax版《闪灵》已经足够惊喜了，高达和波功拳出来的时候全场各种欢呼，真是又激动又感动啊,2018-09-21 15:04:34.703411,0
356,1349555571,1,小川叔,4920389,19,3,2018-03-30 16:33:29,想想如果未来活成这样，挺可怕的。第一次进入游戏之后我就担心，不会全场都是这种CG动画片吧？不过后来还好。片子特效不错，但情节真的是沉不进去，爱情来的就像龙卷风，友情也没那么燃，唯一剩下的就是，未来的世界也许就是这样~~好可怕。,2018-09-21 15:04:34.708332,0
357,1349758597,1,璐璐,4920389,13,5,2018-03-30 23:01:45,四星半，第三幕眼眶里的泪水不停地打转。其实一直是三星，到第二关的闪灵部分直接加满五星，是的，自从我爱上电影以后，我从没停止过做那样的梦，梦到自己出现在各种各样的故事里，拥有着不属于自己的人生。而这部电影，就是我的书本游戏迷影生涯缩影，再去回想，仿佛又看到了那个叛逆的自己。,2018-09-21 15:04:34.712986,1
358,1350997413,1,小水,4920389,10,4,2018-04-01 22:17:27,好看是好看，就是扒掉梗和视效之后剩下的东西太俗套了……,2018-09-21 15:04:34.718124,1
359,1351556685,1,春风不解意,4920389,33,4,2018-04-02 22:36:01,对不怎么玩游戏的人来说，就是看特效和情怀了。,2018-09-21 15:04:34.723858,1
360,1350038138,1,狮子青铜,4920389,20,2,2018-03-31 13:32:48,老人的特征就是失去了想象力，失去了对人性的兴趣，失去了创造力。这跟西科塞斯的狗屎雨果有什么区别。,2018-09-21 15:04:34.728144,1
361,1348271029,1,Morning,4920389,14,5,2018-03-27 22:26:33,谢谢你的推陈出新，让未来变得更有意义，科技是为了更好的延续传统，没有回应的感情也没有被时间打败。,2018-09-21 15:04:34.732916,1
362,1350313627,1,曼仔,4920389,13,4,2018-03-31 21:32:33,有野心且有完成度，真的是80年代流行文化迷，各种指涉戏仿太会心，致敬闪灵是最大的惊喜，对电影形式和观影体验的探索真的极有大导演的责任感。,2018-09-21 15:04:34.738043,1
363,1349348385,1,APTX-4869,4920389,27,2,2018-03-30 07:01:57,万幸女主声音好听？抱着link start的心态去看结果看到了傻子那开祖爷爷还没有bgm？闪灵出现的时候一排肥宅都笑了 亮灯后确认过眼神都是pipi P的受害者 如果把三次元镜头切除一半我大概会多给两星吧,2018-09-21 15:04:34.742441,1
364,1353103772,1,好姑娘老妖,4920389,8,5,2018-04-05 19:17:42,燃燃燃！好看！唤醒了埋藏在我内心深处的直男热血！,2018-09-21 15:04:34.746439,1
365,1351471896,1,华丽的春雨,4920389,24,5,2018-04-02 19:58:54,剧情很热闹，整部影片都是游戏带节奏，最最最主要的是女主角甚得我心，漂亮,2018-09-21 15:04:34.750535,1
366,1350535388,1,乱樂,4920389,27,4,2018-04-01 06:07:02,看的是一种情怀吧。男主最后的那枚复活币让我想到DNF(≧∇≦)/,2018-09-21 15:04:34.755668,1
367,1350154442,1,nobody,4920389,19,5,2018-03-31 17:10:16,"1.关于虚拟现实的讨论。是否应该选择那个完美的世界。
2.对理想的献身。所有人为了保护一片净土奋不顾身。
3.对经典的致敬。很遗憾我没有能理解很多的点。这对于某些人来说可能是一部感人的情怀片。
4.电影情节本身很完美。特别是当最后馆长的身份揭晓的时候。",2018-09-21 15:04:34.760756,1
368,1349194828,1,冰山的阴影,4920389,8,5,2018-03-29 21:41:31,电影止于阿巴斯，游戏止于斯皮尔伯格。,2018-09-21 15:04:34.765683,1
369,1359903691,1,司空看电影,4920389,7,4,2018-04-17 21:22:17,二次元和三次元的人物切换，让观众能够长久保持观影的新鲜感。但观影受众人群较趋于年轻人。剧情方面，有很多点让人意想不到，没有按传统套路形式。但最后结局回归传统的大团圆，而游戏对于现实意义的反省也被削弱。,2018-09-21 15:04:34.770003,1
370,1352055629,1,Eve|Classified,4920389,3,3,2018-04-03 22:32:54,"就……的确很斯皮尔伯格了……like an empty piñata. Although, 两处Serenity登场我还是比较开心的，第一次在大屏幕上看到宁静号。",2018-09-21 15:04:35.442338,1
371,1349315176,1,Doublebitch,4920389,8,5,2018-03-31 17:15:37,海贼王寻宝主题＋最终幻想系男主角，RX78一出全场沸腾，燃烧吧我的死宅之魂！,2018-09-21 15:04:35.485677,1
372,1349540287,1,谢青皮,4920389,28,5,2018-03-30 15:59:05,是这样子的，有些人觉得这个片子不值五星，一般来说这些人都可以拉黑了,2018-09-21 15:04:35.489736,1
373,1350221260,1,红豆♥,4920389,13,4,2018-03-31 19:08:15,一个孤独的程序员的一生,2018-09-21 15:04:35.494695,1
374,1349204212,1,渡口无边,4920389,13,5,2018-03-29 21:56:23,琳琅满目的视觉奇观与迷影游戏梗，戳中大脑皮层深处的记忆与感知神经网，几个段落瞠目结舌、爽到飞起又几近泪目。虚实世界通过多重文本相汇，也包含对虚拟世界和资本运作的哲思。感谢斯皮尔伯格这个老顽童，给所有影迷游戏迷极为真诚的、极致的一封情书。,2018-09-21 15:04:35.499722,1
375,1350406796,1,温言,4920389,15,4,2018-03-31 23:19:02,如果不是Acg迷如果没看过美国经典电影100部，你就会少很多乐趣,2018-09-21 15:04:35.504577,1
376,1350906512,1,男娼起义,4920389,5,4,2018-04-01 20:05:54,高达出来时，好感动，愿在现实世界，每个人也都可以成为想成为的人。,2018-09-21 15:04:35.509208,1
377,1349720709,1,艾薇森,4920389,8,5,2018-03-30 22:14:08,"全程高潮 早餐俱乐部直戳G点
(要是当初谈妥奥特曼版权就好了)",2018-09-21 15:04:35.514784,1
378,1350743698,1,青丝,4920389,12,4,2018-04-01 15:09:07,抵制不良游戏，拒绝盗版游戏。 注意自我保护，谨防受骗上当。 适度游戏益脑，沉迷游戏伤身。 合理安排时间，享受健康生活。,2018-09-21 15:04:35.522432,1
379,1349759108,1,l ǐ,4920389,16,5,2018-03-30 23:02:28,如果可以，我想打六颗星。,2018-09-21 15:04:35.527428,0
380,1349513489,1,普拉内托斯,4920389,7,4,2018-03-30 15:00:52,最初翻译小说的时候没想过还能在大屏幕上看到。虽然电影前半截蜜汁尴尬，但后面真不错，还有高达太他妈帅了。,2018-09-21 15:04:35.532343,1
381,1349562228,1,河狸,4920389,7,5,2018-03-30 16:47:49,中二青少年拯救地球。不过最后还得氪金和开挂。,2018-09-21 15:04:35.538187,1
382,1351156506,1,michaeeeel,4920389,16,5,2018-04-02 06:03:04,都5402年了网络还没实名制,2018-09-21 15:04:35.543903,1
383,1350133288,1,白羊先生,4920389,13,5,2018-03-31 16:33:02,我，他妈的，只想马上，看他妈的，第二遍！,2018-09-21 15:04:35.547884,1
384,1344027304,1,Jody.L 李九弟,4920389,12,5,2018-03-30 18:44:51,热泪盈眶。视效好到可以忽略剧情处处漏洞。答应我，游戏电影迷一定要去影院看好吗？在影院体验游乐园效果，它做到了。《闪灵》那段快从椅子上蹦起来了，又逼我指缝看。斯皮尔伯格也是流行文化象征，所以这片子还多了一重现实含义。这可能是其他人无法做到的。还能更好，尤其在深度上，期待新一代导演。,2018-09-21 15:04:35.551644,0
385,1355756584,1,Chris Tang,4920389,5,3,2018-04-09 22:15:07,电影里全民找彩蛋，电影外全民也在找彩蛋。电影里的三把钥匙分别对应着回到原点、遵从内心和放松心态，我想斯导的意思可能是，你们这些看电影的人，除了找点彩蛋证明自己，大概也已经忘记电影本身的乐趣了吧。,2018-09-21 15:04:35.555333,0
386,1349447788,1,XLX,4920389,13,5,2018-03-30 12:17:29,情怀又赢了！ 密码彩蛋 BO55man69 哈哈哈,2018-09-21 15:04:35.559043,1
387,1349932255,1,七曜日,4920389,17,4,2018-03-31 09:53:38,五个高玩血虐人民币玩家的故事,2018-09-21 15:04:35.562791,1
388,1350665923,1,新桥妖妖,4920389,8,4,2018-04-01 12:41:17,对科幻的臆想得到些满足，打打打！很是精彩纷呈了！,2018-09-21 15:04:36.221338,0
389,1348496684,1,惘然,4920389,13,4,2018-03-28 13:01:31,宅男要疯！就是戴着VR在影院和大家一起打了个大型闯关游戏啊！全程嗨爆！而且把影史很多梗都串了起来，公民凯恩、鬼娃新娘、闪灵、哥斯拉、高达……那哥们说《闪灵》是从指缝看的好有共鸣，我也是这样看的！#游戏宅男的玫瑰花蕾不是女人，而是他的兄弟！唉，男人啊！#,2018-09-21 15:04:36.278537,1
390,1349721163,1,昆汀的影子,4920389,11,3,2018-03-30 22:14:44,美版唐探2之贫民窟的亿万富翁。《论如何把情怀牌做到不让人反感》。爽但是没有爽到过脑不出的程度。国内口碑略夸张。想知道史蒂文是不是故意把男反取名诺兰的。二刷也就稳三星了。,2018-09-21 15:04:36.285801,0
391,1350237458,1,采铜,4920389,10,4,2018-03-31 19:36:09,谁能继承我的模因，谁就能继承我的遗产。,2018-09-21 15:04:36.289886,1
392,1348487788,1,微笑迦朵,4920389,9,4,2018-03-28 12:37:36,2018年已看051。1正确版本的“游戏健康忠告”；2这片子弹幕一定飞起；3作为非狂热游戏粉，还是电影梗更激动一些，异形和周末夜狂热，简直了；4最近几年，看老斯偏商业性的片子时，总想把他称之为“电影界的狄更斯”，到这部看尾声反派的一些反应，这种感觉就更强烈了。4看3D，要有光，好多好多光。,2018-09-21 15:04:36.293897,1
393,1347829587,1,蔡要要不吃药,4920389,8,5,2018-04-01 01:20:01,感动的嗷嗷叫,2018-09-21 15:04:36.298834,1
394,1347966585,1,T.V.Zoe ி,4920389,12,4,2018-03-30 23:35:02,谢谢你玩我的游戏  谢谢你看我的电影 谢谢你让我逃离这个世界  谢谢你让我回到现实  最后竟然看哭了猝不及防,2018-09-21 15:04:36.303993,0
395,1350948390,1,受受,4920389,13,5,2018-04-01 21:10:11,个人看法：Thank you for playing my game的时候电影就该结束了。,2018-09-21 15:04:36.308355,1
396,1351550012,1,水母母,4920389,10,5,2018-04-02 22:25:38,哈哈哈哈哈我还以为会出现奥特曼,2018-09-21 15:04:36.313423,0
397,1350096610,1,又是苟活的一天,4920389,14,5,2018-03-31 15:26:45,倾注一生的作品有人懂真是太好了，谢谢你玩我的游戏，谢谢你看我的电影，谢谢你了解我的想法。明明不是游戏狗却爆哭到停不下来的我，真是太奇怪了TAT,2018-09-21 15:04:36.318285,1
398,1351066856,1,Bob,4920389,6,5,2018-04-01 23:42:30,真他妈好了，但最后让我看得眼泪都出来的不是《终结者 2》，不是哥斯拉，不是高达，而是那枚“加一条命”的硬币，是那个黑瓷和男主站在那台电视前用雅达利专心致志的打着游戏。这片子告诉我们不要忘记对游戏的初心，单纯的，用你的心，ENJOY THE FUCKING GAME！！！！！,2018-09-21 15:04:36.324540,1
399,1348960125,1,风满蜃气楼,4920389,6,5,2018-03-31 22:51:47,啊啊啊啊太好看了嗷！想二刷！不过最后见到绿洲里的设计者幽灵，突然想到《贝克街的亡灵》了…//二刷没那么激动了，但视效和发展还是很燃。,2018-09-21 15:04:36.328508,1
400,1349808571,1,东林君,4920389,8,5,2018-03-31 00:13:57,怎么会有这么有钱的电影啊。看完后决定不冲王者了，顺其自然～,2018-09-21 15:04:36.333219,0
401,1352719988,1,邓莹,4920389,8,1,2018-04-05 02:21:11,电影开头部分“以退为进”还以为要讲道家哲学，但全片看下来其实并没有内容。这部电影的意义与《长城》一样，是西方导演集体沦陷的标志。特效并没有错，但是把特效当成内容，就明显是“美国梦”模式了，新的美国梦是用游戏来造梦，游戏就是新型毒品，让人不要思考只要幻想的快乐和幻想中欲望的满足。,2018-09-21 15:04:36.338517,1
402,1349737088,1,Enjoy,4920389,7,5,2018-03-30 22:36:08,穿着Joy Division看这个真是挺应景的,2018-09-21 15:04:36.343321,1
403,1353816791,1,浪,4920389,6,1,2018-04-06 18:40:16,抱歉，我依旧觉得斯导能看的电影只有辛德勒的名单，仅此一部。,2018-09-21 15:04:36.347909,0
404,1345704175,1,反眼失敗松果體,4920389,9,3,2018-03-23 01:20:23,免費先行放映，坐第三排。只懂很少彩蛋，不過不失又充滿童心。,2018-09-21 15:04:36.352751,0
405,1344446878,1,张晚禾,4920389,8,3,2018-03-31 14:49:49,如果称赞过去那些电影片段游戏情怀的伟大之处，那星星全给彩蛋，不想对这部电影的故事本身作任何称道。导演很会玩，没有一流的团队根本玩不动这些，我们在这方面的落差实在太明显了，是1和100的落差,2018-09-21 15:04:36.358980,0
406,1355942472,1,胡子大王,4920389,12,2,2018-04-10 10:22:35,如果全靠堆砌彩蛋就能拍出一部评分8.9的电影，那么我们这个时代的创造力究竟匮乏到什么地步了？,2018-09-21 15:04:37.282072,1
407,1161588141,1,friendbeast,4920389,5,4,2018-04-03 23:23:19,游戏以外的剧情又土又幼稚，讲明reality就是狗屎，找个自己当了现充就随心所欲地关服的人来代表宅宅，他配吗？,2018-09-21 15:04:37.391548,1
408,1353200852,1,我快乐我幸福,4920389,4,4,2018-04-05 21:21:27,科幻、夺宝、冒险，斯皮尔伯格将自己擅长的元素都运用到了影片之中,2018-09-21 15:04:37.399361,1
409,1358101122,1,东湖美景,4920389,4,4,2018-04-14 14:55:28,简直是彩蛋爱好者的盛宴.,2018-09-21 15:04:37.403935,0
410,1350948248,1,CountD,4920389,32,3,2018-04-01 21:09:59,内容空洞，情节幼齿,2018-09-21 15:04:37.408449,1
411,1349598658,1,盲忙,4920389,12,4,2018-03-30 18:09:45,很久没有看到这样让人大开眼界的电影了，即便从来不是游戏咖，那一刻我也很想去到游戏中。是不是一部游戏爱好者看完更会珍惜现实，非游戏爱好者看完开始想玩游戏的电影呢？太难想象近几年拍出林肯间谍之桥邮报这样暮气沉沉作品的死皮会突然大变身，惊喜惊喜。P.S.大反派为何叫诺兰呀哈哈。,2018-09-21 15:04:37.412972,1
412,1344035056,1,胡汉三_,4920389,6,5,2018-03-30 21:22:25,牛逼了我的老斯！视觉效果音效彩蛋致敬以及完整刺激不儿戏的剧情 近乎完美的电影！开头的赛车没high完就到了往后几百年都会被铭记的闪灵重现 还有玩家大混斗——初代高达跳出来时我鸡皮疙瘩都起来了！我最后肯定也会为男主他们喝彩的！因为像电影说的 游戏只是游戏 现实中的朋友才是最重要的。,2018-09-21 15:04:37.417494,1
413,1354624610,1,思考的猫,4920389,9,5,2018-04-07 21:45:06,情怀很足，对于影迷，PC和主机游戏迷，老摇滚迷会非常爽，在下三者都占了，看里面的梗此起彼伏实在过瘾。,2018-09-21 15:04:37.422421,1
414,1349206639,1,SleepWalker,4920389,6,5,2018-03-29 22:00:04,握草.......生生把我看湿了！高潮迭起停不下来！看完根本起不来好吗！！！梗和彩蛋遍地都是！这他妈不是梦这是真的！只要是热爱电影的人它就一定能满足你！当然观影量越大游戏量越大就会看的越爽！我感觉我已经语无伦次了！保底三刷，保底！！！斯氏老矣，尚能饭！感谢老斯，感谢你的童心！,2018-09-21 15:04:37.427446,0
415,1349716100,1,陪小主看电影,4920389,13,5,2018-04-01 23:10:03,恕我直言，原来彩蛋真的是个蛋。,2018-09-21 15:04:37.432188,0
416,1351341413,1,放开那个西红柿,4920389,8,3,2018-04-02 15:03:36,感觉一般，玩得游戏挺多的，但是却没嗨起来，不知道为啥，还是希望故事好一点。另外大部分影评都是彩蛋，希望看到对人物和结局的探讨（老人死了还是活着，绿洲的意义）什么的。个人看法，不一定对。不要骂我。,2018-09-21 15:04:37.436672,0
417,1349876905,1,Rayan,4920389,9,5,2018-03-31 04:04:59,我要猎空小姐姐的本子,2018-09-21 15:04:37.441195,0
418,1333796470,1,OreoOlymLee,4920389,10,2,2018-03-30 20:53:22,所谓虚构与现实孰益真实的讨论没有被深入讨论才不是这片最大的问题，而是它宣扬的、展示的其实也是一种“外人眼中的极客/死宅/游戏迷”，是一种依照其生存状态而想当然联想出的心理活动。极客需要回归真实么？当然不！由其可见它其实是一部“伪迷”电影，说不好听就是个戒网瘾宣传片而已。,2018-09-21 15:04:37.445836,0
419,1349332321,1,Zcc911,4920389,5,4,2018-03-30 03:23:33,故事连贯、内核童真、结局美好，致敬满目、诚意足够、混搭惊艳；注释字幕偏多、出现时间偏短，容易分散焦点，令人难以适从；首映送了海报，回程下了小雨，还好有塑料袋装着~,2018-09-21 15:04:37.450284,0
420,1351519580,1,占士鯊,4920389,9,3,2018-04-02 21:35:31,作为遊戲開發者我看得⋯情緒很平穩（。）話說反派的網友人真好啊，都要撲街了還安慰他「有朋友未算輸」，喜歡他（。,2018-09-21 15:04:37.454795,0
421,1348499317,1,维雪魂,4920389,16,5,2018-03-28 13:08:28,不好意思克制不住了，还是四星改五星吧。与其说没人比斯皮尔伯格更会拍爆米花，我倒觉得没人比他更懂怎么讲好故事给普罗大众。第三幕high到飞起，还少了老斯以往过度煽情的缺点。除了《闪灵》必补以外，大多数角色和电影稍微了解一下即可。,2018-09-21 15:04:37.459364,0
422,1350036570,1,五指毛,4920389,6,5,2018-03-31 13:29:49,斯老爷子告诉我们，电影不是媒体，电影就是电影;play是玩，是播放，是戏，是快乐，是人类的基本权利,2018-09-21 15:04:37.464003,0
423,1349570962,1,比落,4920389,31,3,2018-03-30 17:05:36,特效好，剧情烂，反派蠢，主角丑,2018-09-21 15:04:37.468710,0
424,1346688310,1,放开那个浪味仙,4920389,7,4,2018-04-01 15:09:56,七十多岁的老爷子还有这样的想象力真让人佩服，脑洞大开+情怀牌打动无数影迷。故事的主线相当老套了，电影很惊喜但是觉得没有传的那么神…心疼每一位要写“电影中100个/200个/300个彩蛋”的小编,2018-09-21 15:04:37.473655,0
425,1350370282,1,哈格兹,4920389,12,5,2018-03-31 22:39:13,燃死了！放到加一条命的时候都想起立鼓掌了！,2018-09-21 15:04:37.478249,0
426,1353290450,1,小周正在家躺着,4920389,6,3,2018-04-05 22:56:28,这么牛逼一个公司领导，办公室门咋都没锁的，不搞虹膜识别掌纹识别，至少整个门禁卡呢。还有那个智囊团是不是讽刺肥宅的,2018-09-21 15:04:38.636086,1
427,1016898274,1,何婊砸,4920389,7,4,2018-03-30 19:48:58,VR式沉浸感的游戏电影，《创战纪》加《勇敢者游戏》。《金刚》、《星球大战》、《哥斯拉》、《质量效应》……一部致二次元控、极客、欧美电影迷影人，高能怀旧彩蛋纷呈的未来感电影。看得好想玩游戏！本叔帅到翻车！！！Mark Rylance的扮相年轻了不少。找Tye Sheridan演戴镭射眼般眼镜的男主是因为他演了镭射眼吗？,2018-09-21 15:04:38.715779,1
428,1350285025,1,Oceannagirl,4920389,15,5,2018-03-31 20:51:05,全程都在讲彩蛋的电影竟然没有彩蛋？！,2018-09-21 15:04:38.731287,0
429,1349790112,1,Chain,4920389,5,5,2018-03-30 23:45:44,非IMAX会更关注剧情，“这是什么一根经的剧情”；然而如果看IMAX版本就不一样了：“卧槽！这画面，气势，高达屌炸天，剧情是什么，能吃么” 【真没看出来男主基友  是女的！女的！的！ （二刷，发现进闪灵电影院时出现穿帮,2018-09-21 15:04:38.743732,1
430,1356354011,1,钟螺,4920389,8,4,2018-04-11 01:09:39,爽片是爽片，但也是“都8012年了……”系列。令人气愤的地方是男女主背叛肥宅之后，挣着肥宅的钱，还要肥宅做现充，与马化腾也就半斤八两吧。FGO要是每周停服两天我立刻炎上运营，什么屌游戏,2018-09-21 15:04:38.752428,0
431,1370250303,1,笑书神侠倚碧鸳,4920389,5,4,2018-05-08 07:57:41,斯皮尔伯格对电影是真的热爱啊，这种与时俱进、这种各种元素的融入、这种对情怀的把握，好看得让人佩服！,2018-09-21 15:04:38.762986,0
432,1350044629,1,达斯佛™,4920389,8,4,2018-03-31 13:44:46,电子游戏从来都没有救过世界，是玩家拯救了电子游戏并改变了世界。,2018-09-21 15:04:38.768331,1
433,1349677843,1,阿白,4920389,19,5,2018-03-30 21:09:11,电影真好，可以造梦。,2018-09-21 15:04:38.776337,1
434,1350413661,1,路人Eita,4920389,5,4,2018-03-31 23:26:49,热血，友情，胜利，少年jump系的感动,2018-09-21 15:04:38.780888,1
435,1352921543,1,小A,4920389,9,4,2018-04-05 14:28:40,真不错，居然是老斯拍的。101是绿洲游戏生态里的衍生公司，借助闯关过程探索Halliday的人生经历，是我喜欢的本片两个高概念，但并没有完全贯穿全片。最后30分钟有点乱套。整体质量跟《夏日大作战》差不多。Mark Rylance是好演员。,2018-09-21 15:04:38.790087,1
436,1344238935,1,正义B胜,4920389,12,5,2018-03-20 00:33:22,也……太~~~~~~~~~~~~~~~~~好看了吧！！！！！！！！！！！！,2018-09-21 15:04:38.799758,1
437,1349558408,1,殇潮|Enigma,4920389,5,4,2018-03-30 16:39:40,本以为你斯皮尔伯格大爷要教教后生仔什么才叫迷影情怀和玩梗，没想到对游戏迷的意义远大于影迷。配角都超级可爱，高达的出现让非迷都为之一振，也是很厉害了。借着游戏人物的这张皮，给真人男主的戏份刚刚好，再多就要惹人嫌了,2018-09-21 15:04:38.806430,1
438,1350212506,1,Chance,4920389,15,3,2018-03-31 18:52:54,特效加两分，剧情扣三分，情节也太简单了吧？,2018-09-21 15:04:38.813259,1
439,1349873005,1,偏执狂,4920389,25,3,2018-03-31 03:29:40,只能说分数虚高 豆瓣电影人的狂嗨 可能我是抱着看剧情而不是找彩蛋的心态吧,2018-09-21 15:04:38.818353,1
440,1349690995,1,paradiso,4920389,8,4,2018-03-30 21:30:34,艹看了这个片子才发现除游戏外我怎么被80年代流行垃圾填鸭到这个地步，妈蛋Peter Weller那个片子多少人看过啊。讲真一个成长在当时的美国阿宅审美辐射全世界，怕怕。玩家暴起时twisted sister那个中二号子儿歌回家脑内响了一路(◎_◎;),2018-09-21 15:04:38.827041,1
441,1349505884,1,维城乱马,4920389,10,4,2018-03-30 14:41:49,也许是史上彩蛋最多的电影了吧，戏里戏外都在找彩蛋～,2018-09-21 15:04:38.834712,0
442,1350678916,1,虚弱橙,4920389,9,3,2018-04-03 07:54:03,没达到预期，剧本高开低走，本来进一步就成了VR时代的银翼杀手，现在退了一步变成了豪华版饥饿者游戏。明明已经看到了VR可能给未来人类在真实世界的生存处境带来巨大的负面影响，却不断用工业化的幽默桥段去消解掉这种严肃且紧迫的绝望感。电子游戏一开始也许只是游戏，但已经早就不是游戏了。,2018-09-21 15:04:38.840691,1
443,1351049373,1,仙仙美代子,4920389,5,5,2018-04-01 23:20:12,满分的爆米花电影，真人全息游戏设定，场面很刺激，赛车打斗超级经常，好像在看游戏cg，里面很多经典电影游戏歌曲等出现，虽然大部分我没看过，朋克元素也很多！唯一的缺点是人物不够美型，颜狗不满意,2018-09-21 15:04:38.845069,1
444,1350566757,1,枫林奕华,4920389,13,5,2018-04-01 09:04:27,看这个电影无需考虑什么剧情什么设定，你只需要惊叹斯老爷子天马行空的想象和追忆80年代的情怀即可，并在看完离场之后高喊真TM爽。,2018-09-21 15:04:39.862956,1
445,1303275252,1,喝口伏特加,4920389,14,4,2018-04-02 21:09:59,斯皮尔伯格作为一个72岁的老年人竟然可以染指游戏领域。。,2018-09-21 15:04:39.872289,0
446,1352986113,1,占黑小伙,4920389,6,5,2018-04-05 16:18:48,千军万马冲向死亡星球决战的时候 我他妈一瞬间觉得眼前都是豆友  脚都发麻了 没办法 谁让天天都有炸弹  高达是燃啊 可是谁能当得了 当不了高达 当炮灰也要拼命轧上一脚 各种彩蛋都集结成杂牌军呢 人还不能吗,2018-09-21 15:04:39.876957,1
447,1345159100,1,巴啦啦小魔仙,4920389,6,5,2018-04-02 13:57:27,看得爽就行了，70多岁的人拍商业片还想咋样。,2018-09-21 15:04:39.881739,0
448,1349760732,1,Enjolras,4920389,9,5,2018-03-30 23:04:40,很难想象斯皮尔伯格如此高龄，还能以巨大的热情和精力制作这一部恢宏梦幻的电影。游戏迷影迷可以在片中享受到前所未有的“彩蛋惊喜”，上百个来自经典游戏和电影的细节让观众乐此不疲地寻找，而路人观众亦可以很快投入到这个传统的“五小强勇斗恶势力”的冒险故事中，感受振臂一呼万众一心的中二之魂。,2018-09-21 15:04:39.886792,1
449,1353250871,1,铃铛,4920389,25,4,2018-04-05 22:16:34,《闪灵》那段戏真的挺吓人的，场面比较震撼吧，不过我不是游戏控，所以没更多感觉。,2018-09-21 15:04:39.891823,1
450,1349574002,1,indicent time,4920389,11,5,2018-03-30 17:12:19,我才看到了几十个彩蛋就激动成这样，喷神、honest trailer看完不得哭到失去理智……老斯在这一刻就是我们的Haliday，当Haliday说“谢谢你玩我的游戏”的那一刻，何尝不是对影迷们最真诚的告白，Oh，Stephen……,2018-09-21 15:04:39.896777,0
451,1348512282,1,tata,4920389,6,4,2018-03-29 23:54:47,没有游戏魂，但还是看的很高兴,2018-09-21 15:04:39.901789,1
452,1350670456,1,小p,4920389,6,4,2018-04-01 12:50:00,恶意揣测这个编剧并不怎么玩游戏，有两个致命的硬伤。其一虚拟世界建立的真实情感是可以跨越空间甚至时间，并不用真的挤在同一辆车上培养感情。其二倒车进入隐藏赛道的攻略应该在开服后一天内就被试出来，连探索bug的精神都没有，还玩什么游戏。,2018-09-21 15:04:39.906798,1
453,1349932437,1,Lyc,4920389,15,4,2018-03-31 09:54:13,那些只玩过dota lol 吃鸡等电脑游戏的人，我不知道你们看这电影的意义在哪里？,2018-09-21 15:04:39.911786,1
454,1351756257,1,理性难改,4920389,19,5,2018-04-03 11:10:14,谢谢你玩我的游戏，谢谢你看我的电影,2018-09-21 15:04:39.915636,1
455,1350501276,1,三七,4920389,4,4,2018-04-01 01:47:25,看到闪灵还原和高达大战哥斯拉真是非常激动了。,2018-09-21 15:04:39.919389,1
456,1350556533,1,Sophie  Z,4920389,15,4,2018-04-01 08:29:32,闪灵场景还原真惊艳啊。斯皮尔伯格随意表达了一下自己也会拍pop culture，也还记得怎么拍各种类型片，“谁说我是只擅长严肃工整历史题材的奥斯卡老导演”。只是故事主线真太cliche…PS我对Tye Sheridan和Barry Keoghan脸盲了，全程认错……,2018-09-21 15:04:39.923135,0
457,1349685379,1,梦里诗书,4920389,14,5,2018-03-30 21:21:50,科幻之下，史蒂文·斯皮尔伯格在《头号玩家》中将不胜枚举的电影经典聚合为一，以VR游戏为引的展开，那天马行空的奇想，令人叹服于这位年过古稀的导演居然还能拥有如此强大的脑洞，而在打造登峰造极的视觉体验之时，对现实与虚拟的探讨，使电影不仅在虚拟中酣畅淋漓，同样着墨于了现实的重要。,2018-09-21 15:04:39.928505,0
458,1294876316,1,老狗,4920389,6,5,2018-03-31 11:00:24,刷副本＜氪金＜发现bug＜加条命＜设计师≤资本家 。8.6,2018-09-21 15:04:39.933431,1
459,1355204608,1,Tone调的悲伤,4920389,20,4,2018-04-08 21:38:36,挺不错的，蛮好看，特效值回票价,2018-09-21 15:04:39.938449,1
460,1349354804,1,sean cheung,4920389,8,4,2018-03-30 07:45:22,它讓所有針對無敵破壞王的討伐都師出有名。表面的熱鬧與內裏的關愛都不缺席，甚至對現實的歸納和演繹也做得頗有深度。儘管天真，可其中對虛擬的反思，對去中心化的危機感，都有現實意義。邪惡資本，人海戰術，技術對人的侵犯，聽來熟悉吧？那些細節邏輯上的漏洞也就瑕不掩瑜了。,2018-09-21 15:04:39.943381,0
461,1351189956,1,陆以,4920389,14,5,2018-04-02 09:10:14,大概能明白男生们为啥喜欢打游戏了,2018-09-21 15:04:39.947322,1
462,1349675576,1,小田切梨,4920389,17,3,2018-03-30 21:05:21,《夏日大作战》2.0版，只是没前者那么中二蠢感，老史蒂文把它拍地更像迪斯尼，说教的时候一点也不马虎。致敬和戏仿的段落，不过是好莱坞拿手的“体验经济”，落实到细处想象力其实没超出预期。至于VR，除了跳舞时“体感接触”那段有点意思，不论是现实世界还是虚拟世界的设定（法治／伦理）都挺水的。,2018-09-21 15:04:39.951124,0
463,1349327187,1,杨清宇,4920389,11,4,2018-03-30 02:39:24,每个高速运作的镜头却从不丢失想给观众看到的焦点，每个抛来的彩蛋都赋予简单直接的故事记忆的重量。这是游戏时代开启以来的经验总和，是斯皮尔伯格把人类感官研究透彻的产物。商业电影新的里程碑，所有想隐藏自己的新老玩家都在大银幕前暴露身份，我们因为说不清放弃那些玩乐时间是福是祸而流下眼泪。,2018-09-21 15:04:39.954722,0
464,1352099658,1,非常不小心,4920389,9,3,2018-04-03 23:41:43,斯皮尔伯格拍这种全家娱乐桶的玩意本来就是看家本领嘛，大家为什么给高分，大概是近年来会讲故事的导演屈指可数了吧，如果斯导息影，其实。。。也没什么遗憾的。赛车那段不错，有种当年第一次看到《勇敢者游戏》的惊艳。其他就是套路了。这个电影还是生意，老人讲江湖意气，要把上一部亏掉窟窿填起。。,2018-09-21 15:04:40.801577,0
465,1284483278,1,,4920389,21,5,2018-03-30 17:10:09,老斯牛逼！！！第一场追车戏让人肾上腺素飙升，第二段的闪灵简直是把梗玩到了极致，反倒是最后结尾挺一般的，有点虎头蛇尾的意思,2018-09-21 15:04:40.878463,1
466,1284635500,1,花袭人,4920389,8,4,2018-03-29 21:46:16,完成度很高，娱乐性十足。由彩蛋堆起来的片子在复活节周末上映，很应景。比原著精彩合理得多。,2018-09-21 15:04:40.885418,0
467,1349691517,1,zzy花岗岩,4920389,11,4,2018-03-30 21:31:23,原本以为会是老斯的扑街之作，并没有抱很大期望。没想到影片很酷炫很燃，绝对是今年最适合在影院观看的电影。游戏彩蛋虽然看不出多少，但各种迷影梗真是看嗨我了，尤其闪灵场景的运用太赞了！,2018-09-21 15:04:40.890505,0
468,1351855213,1,焰熠,4920389,34,5,2018-04-03 15:07:57,还有什么是斯皮尔伯格做不到的。看完之后疯了一样找彩蛋。二刷走起不解释,2018-09-21 15:04:40.894989,1
469,1352984248,1,宋小卡,4920389,9,4,2018-04-05 16:15:42,好莱坞电影真的是，不管演多未来的事，永远放70年代的摇滚乐。听老金属的人才能干大事儿，垮掉都是从听民谣和听嘻哈开始的。,2018-09-21 15:04:40.899874,0
470,1349456447,1,摩诃曼珠沙华,4920389,6,4,2018-03-30 12:39:56,昨晚12点去电影院看，人居然不少，的确不错，晚上回家遇到查酒驾的，警察很难理解一个人三更半夜不是从酒吧夜店而是从电影院出来...情怀,2018-09-21 15:04:40.904652,0
471,1359348423,1,蓝色啄木鸟,4920389,3,4,2018-04-16 18:25:21,确实蛮精彩的，各种电影元素和角色插入其中的贯穿升级也是不维和，但结尾感觉少了点什么。感觉斯大爷后面的团队也是给力的，果然还是与时俱进才能一直精彩。,2018-09-21 15:04:40.909500,0
472,1349209528,1,宇宙小毛球,4920389,9,5,2018-03-29 22:05:03,还是要给斯皮尔伯格跪下叫爸爸啊卧槽，游戏玩的不够会影响观影体验，克拉克肯特眼镜莫名戳中了笑点。高达大战哥斯拉的时候，我旁边的哥们瞬间高潮了～,2018-09-21 15:04:40.914401,0
473,1348487172,1,蒲末释,4920389,8,5,2018-03-29 21:43:26,第一次在电影院看，全场响起掌声。,2018-09-21 15:04:40.918502,0
474,1350222235,1,biubiubiu～,4920389,6,5,2018-03-31 19:09:57,少年 你是想获得财富还是想了解一个天才游戏设计者的一生。,2018-09-21 15:04:40.922174,1
475,1344360616,1,我模糊了,4920389,8,4,2018-03-20 10:43:47,简直比预期好太多，斯皮尔伯格凭本事证明自己还是类型片大师，把歪小子斯科特的概念商业类型片化了。梗用得好，有埋背景里的，有直接台词致敬的，也有真正服务剧情的。当然也免不了配角功能化、反派鸡肋、结局太说教这些在这部片里不太重要的毛病。,2018-09-21 15:04:40.926313,0
476,1350066825,1,Ms_underwater,4920389,13,4,2018-03-31 14:27:37,这才是科幻 这才是特效 所以黑豹和环太平到底是什么,2018-09-21 15:04:40.929947,0
477,1349531763,1,白色的龙介,4920389,15,1,2018-03-30 15:41:26,如果你不完全是游戏宅，你可以不用看这部片子了，除非无聊到有钱没处使。钱全砸到特技跟版权上了，所以剧情跟变形金刚一个水平了。,2018-09-21 15:04:40.933571,1
478,1353047122,1,苏乏,4920389,4,3,2018-04-05 17:57:25,别人拍出来大概也罢，可圈可点，但对这厮而言就是玩吧，甚至远不过制片人版权沟通的难度，钱基本砸在第一场车戏上了，要说大意思可能都比不了创战纪和无敌破坏王，全世界玩家团结起来确实有无产阶级泪点，但充其量也比不了敦刻尔克营救，没看过原著，但故事真可谓稀烂,2018-09-21 15:04:40.937271,0
479,1348893265,1,微喵的兔姑娘,4920389,4,4,2018-04-02 21:09:40,彩蛋多到数不过来，太喜欢这种想象四溢的电影,2018-09-21 15:04:40.941084,0
480,1352945288,1,wupoling1984,4920389,20,3,2018-04-05 15:09:46,对游戏无感的人，也就觉得一般般吧,2018-09-21 15:04:40.944748,1
481,1351365786,1,梁边妖,4920389,8,5,2018-04-02 15:56:05,这几天刚好得了急性结膜炎。别说看电影了，光是看知乎上的某些影评，眼泪都要夺眶而出，流成七八行。成年男性真的不方便得结膜炎啊朋友们。,2018-09-21 15:04:40.948590,1
482,1370581977,1,红色条格衫,4920389,5,4,2018-05-08 22:14:56,喜欢，视觉盛宴！,2018-09-21 15:04:40.952207,1
483,1348991196,1,fuxwee,4920389,10,5,2018-04-02 21:10:19,流行文化的狂欢，个人很喜欢的爱情线，还有不停歇的肾上腺素。【所以说你们觉得这部好看的人，快去一起玩游戏啊！这就是游戏的魅力啊！】【2018.4.5 二刷】,2018-09-21 15:04:40.955769,1
